Workbook

Sheet README
A1: FRED Graph Observations
A2: Federal Reserve Economic Data, Federal Reserve Bank of St. Louis
A3: Link: https://fred.stlouisfed.org
A4: Help: https://fredhelp.stlouisfed.org
A5: This data may be copyrighted. Please refer to the Terms of Use: https://fred.stlouisfed.org/legal#fred-terms-faq
A6: File Created: 2026-02-20 5:27 am CST
A8: DCOILWTICO | B8: Crude Oil Prices: West Texas Intermediate (WTI) - Cushing, Oklahoma, Dollars per Barrel, Daily, Not Seasonally Adjusted | C8: Data Updated: 2026-02-19

Sheet Daily
A1: observation_date | B1: DCOILWTICO
A2: 44244 | B2: 61.09
A3: 44245 | B3: 60.4
A4: 44246 | B4: 59.12
A5: 44249 | B5: 61.67
A6: 44250 | B6: 61.66
A7: 44251 | B7: 63.21
A8: 44252 | B8: 63.43
A9: 44253 | B9: 61.55
A10: 44256 | B10: 60.54
A11: 44257 | B11: 59.7
A12: 44258 | B12: 61.33
A13: 44259 | B13: 63.81
... A33: 44287 | B33: 61.41
A34: 44288
A35: 44291 | B35: 58.73
A36: 44292 | B36: 59.34
A37: 44293 | B37: 59.77
A38: 44294 | B38: 59.61
A39: 44295 | B39: 59.29
A40: 44298 | B40: 59.7
A41: 44299 | B41: 60.2
A42: 44300 | B42: 63.15
A43: 44301 | B43: 63.42
A44: 44302 | B44: 63.16
A45: 44305 | B45: 63.33
A46: 44306 | B46: 62.61
... A74: 44344 | B74: 66.31
A75: 44347
A76: 44348 | B76: 67.8
A77: 44349 | B77: 68.79
A78: 44350 | B78: 68.81
A79: 44351 | B79: 69.57
A80: 44354 | B80: 69.21
A81: 44355 | B81: 70.11
A82: 44356 | B82: 69.9
A83: 44357 | B83: 70.34
A84: 44358 | B84: 71
A85: 44361 | B85: 70.94
A86: 44362 | B86: 72.06
A87: 44363 | B87: 72.03
... A99: 44379 | B99: 75.37
A100: 44382
A101: 44383 | B101: 73.62
A102: 44384 | B102: 72.22
A103: 44385 | B103: 72.98
A104: 44386 | B104: 74.56
A105: 44389 | B105: 74.21
A106: 44390 | B106: 75.24
A107: 44391 | B107: 73.06
A108: 44392 | B108: 71.67
A109: 44393 | B109: 71.76
A110: 44396 | B110: 66.45
A111: 44397 | B111: 67.32
A112: 44398 | B112: 70.26
... A144: 44442 | B144: 69.34
A145: 44445
A146: 44446 | B146: 68.49
A147: 44447 | B147: 69.36
A148: 44448 | B148: 68.26
A149: 44449 | B149: 69.82
A150: 44452 | B150: 70.54
A151: 44453 | B151: 70.53
A152: 44454 | B152: 72.59
A153: 44455 | B153: 72.69
A154: 44456 | B154: 72.09
A155: 44459 | B155: 70.41
A156: 44460 | B156: 70.51
A157: 44461 | B157: 72.37
... A202: 44524 | B202: 78.32
A203: 44525
A204: 44526
A205: 44529 | B205: 69.88
A206: 44530 | B206: 66.14
A207: 44531 | B207: 65.44
A208: 44532 | B208: 66.6
A209: 44533 | B209: 66.39
A210: 44536 | B210: 69.62
A211: 44537 | B211: 71.94
A212: 44538 | B212: 72.43
A213: 44539 | B213: 70.87
A214: 44540 | B214: 71.71
A215: 44543 | B215: 71.19
A216: 44544 | B216: 70.57
... A223: 44553 | B223: 73.89
A224: 44554
A225: 44557 | B225: 75.49
A226: 44558 | B226: 76.01
A227: 44559 | B227: 76.58
A228: 44560 | B228: 76.83
A229: 44561 | B229: 75.33
A230: 44564 | B230: 75.99
A231: 44565 | B231: 77
A232: 44566 | B232: 77.83
A233: 44567 | B233: 79.47
A234: 44568 | B234: 79
A235: 44571 | B235: 78.11
A236: 44572 | B236: 81.17
... A239: 44575 | B239: 83.82
A240: 44578
...

Sheet Кейс1-Исмаилова Нубар
A1: observation_date | B1: Таймер | C1: DCOILWTICO | D1: DCOILWTICO | E1: Уровень ряда | F1: Абсолютное изменение ЦЕПНОЕ | G1: Абсолютное изменение БАЗИСНОЕ | H1: Ускорение | I1: Темп роста ЦЕПНОЙ % | J1: Темп роста БАЗИСНЫЙ % | K1: Темп прироста ЦЕПНОЙ % | L1: Темп прироста БАЗИСНЫЙ % | AE1: Номер периода | AF1: Уровень ряда | AG1: Абсолютное изменение | AH1: Ускорение | AI1: Темп роста к предыдущему % | AJ1: Темп роста к начальному %
A2: 44244 | B2: 1 | C2: =VLOOKUP(A2,Daily!$A:$B,2,0) -> 61.09 | D2: 61.09 | E2: =D2 -> 61.09 | J2: 100 | L2: 0 | AE2: 1 | AF2: =E2 -> 61.09 | AJ2: 100
A3: =A2+1 -> 44245 | B3: 2 | C3: =VLOOKUP(A3, Daily!$A:$B, 2, 0) -> 60.4 | D3: 60.4 | E3: =D3 -> 60.4 | F3: =D3-D2 -> -0.69 | G3: =D3-$D$2 -> -0.69 | I3: =(D3/D2)*100 -> 98.870519 | J3: =(D3/$D$2)*100 -> 98.870519 | K3: =((D3/D2)-1)*100 -> -1.1294811 | L3: =((D3/$D$2)-1)*100 -> -1.1294811 | V3: Карман | W3: Частота | AE3: 2 | AF3: =E3 -> 60.4 | AG3: =F3 -> -0.69 | AI3: =I3 -> 98.870519 | AJ3: =J3 -> 98.870519
A4: =A3+1 -> 44246 | B4: 3 | C4: =VLOOKUP(A4, Daily!$A:$B, 2, 0) -> 59.12 | D4: 59.12 | E4: =D4 -> 59.12 | F4: =D4-D3 -> -1.28 | G4: =D4-$D$2 -> -1.97 | H4: =F4-F3 -> -0.59 | I4: =(D4/D3)*100 -> 97.880795 | J4: =(D4/$D$2)*100 -> 96.77525 | K4: =((D4/D3)-1)*100 -> -2.1192053 | L4: =((D4/$D$2)-1)*100 -> -3.2247504 | V4: 55.44 | W4: 1 | AE4: 3 | AF4: =E4 -> 59.12 | AG4: =F4 -> -1.28 | AH4: =H4 -> -0.59 | AI4: =I4 -> 97.880795 | AJ4: =J4 -> 96.77525
A5: =A4+1 -> 44247 | B5: 4 | C5: =VLOOKUP(A5, Daily!$A:$B, 2, 0) -> #N/A | D5: 59.12 | E5: =D5 -> 59.12 | F5: =D5-D4 -> 0 | G5: =D5-$D$2 -> -1.97 | H5: =F5-F4 -> 1.28 | I5: =(D5/D4)*100 -> 100 | J5: =(D5/$D$2)*100 -> 96.77525 | K5: =((D5/D4)-1)*100 -> 0 | L5: =((D5/$D$2)-1)*100 -> -3.2247504 | V5: 57.06381 | W5: 10 | AE5: 4 | AF5: =E5 -> 59.12 | AG5: =F5 -> 0 | AH5: =H5 -> 1.28 | AI5: =I5 -> 100 | AJ5: =J5 -> 96.77525
A6: =A5+1 -> 44248 | B6: 5 | C6: =VLOOKUP(A6, Daily!$A:$B, 2, 0) -> #N/A | D6: 61.67 | E6: =D6 -> 61.67 | F6: =D6-D5 -> 2.55 | G6: =D6-$D$2 -> 0.58 | H6: =F6-F5 -> 2.55 | I6: =(D6/D5)*100 -> 104.31326 | J6: =(D6/$D$2)*100 -> 100.94942 | K6: =((D6/D5)-1)*100 -> 4.3132612 | L6: =((D6/$D$2)-1)*100 -> 0.94941889 | V6: 58.687619 | W6: 31 | AE6: 5 | AF6: =E6 -> 61.67 | AG6: =F6 -> 2.55 | AH6: =H6 -> 2.55 | AI6: =I6 -> 104.31326 | AJ6: =J6 -> 100.94942
A7: =A6+1 -> 44249 | B7: 6 | C7: =VLOOKUP(A7, Daily!$A:$B, 2, 0) -> 61.67 | D7: 61.67 | E7: =D7 -> 61.67 | F7: =D7-D6 -> 0 | G7: =D7-$D$2 -> 0.58 | H7: =F7-F6 -> -2.55 | I7: =(D7/D6)*100 -> 100 | J7: =(D7/$D$2)*100 -> 100.94942 | K7: =((D7/D6)-1)*100 -> 0 | L7: =((D7/$D$2)-1)*100 -> 0.94941889 | V7: 60.311429 | W7: 60 | AE7: 6 | AF7: =E7 -> 61.67 | AG7: =F7 -> 0 | AH7: =H7 -> -2.55 | AI7: =I7 -> 100 | AJ7: =J7 -> 100.94942
A8: =A7+1 -> 44250 | B8: 7 | C8: =VLOOKUP(A8, Daily!$A:$B, 2, 0) -> 61.66 | D8: 61.66 | E8: =D8 -> 61.66 | F8: =D8-D7 -> -0.01 | G8: =D8-$D$2 -> 0.57 | H8: =F8-F7 -> -0.01 | I8: =(D8/D7)*100 -> 99.983785 | J8: =(D8/$D$2)*100 -> 100.93305 | K8: =((D8/D7)-1)*100 -> -0.01621534 | L8: =((D8/$D$2)-1)*100 -> 0.9330496 | V8: 61.935238 | W8: 72 | AE8: 7 | AF8: =E8 -> 61.66 | AG8: =F8 -> -0.01 | AH8: =H8 -> -0.01 | AI8: =I8 -> 99.983785 | AJ8: =J8 -> 100.93305
A9: =A8+1 -> 44251 | B9: 8 | C9: =VLOOKUP(A9, Daily!$A:$B, 2, 0) -> 63.21 | D9: 63.21 | E9: =D9 -> 63.21 | F9: =D9-D8 -> 1.55 | G9: =D9-$D$2 -> 2.12 | H9: =F9-F8 -> 1.56 | I9: =(D9/D8)*100 -> 102.51379 | J9: =(D9/$D$2)*100 -> 103.47029 | K9: =((D9/D8)-1)*100 -> 2.5137853 | L9: =((D9/$D$2)-1)*100 -> 3.4702897 | V9: 63.559048 | W9: 79 | AE9: 8 | AF9: =E9 -> 63.21 | AG9: =F9 -> 1.55 | AH9: =H9 -> 1.56 | AI9: =I9 -> 102.51379 | AJ9: =J9 -> 103.47029
A10: =A9+1 -> 44252 | B10: 9 | C10: =VLOOKUP(A10, Daily!$A:$B, 2, 0) -> 63.43 | D10: 63.43 | E10: =D10 -> 63.43 | F10: =D10-D9 -> 0.22 | G10: =D10-$D$2 -> 2.34 | H10: =F10-F9 -> -1.33 | I10: =(D10/D9)*100 -> 100.34805 | J10: =(D10/$D$2)*100 -> 103.83041 | K10: =((D10/D9)-1)*100 -> 0.3480462 | L10: =((D10/$D$2)-1)*100 -> 3.8304141 | V10: 65.182857 | W10: 80 | AE10: 9 | AF10: =E10 -> 63.43 | AG10: =F10 -> 0.22 | AH10: =H10 -> -1.33 | AI10: =I10 -> 100.34805 | AJ10: =J10 -> 103.83041
A11: =A10+1 -> 44253 | B11: 10 | C11: =VLOOKUP(A11, Daily!$A:$B, 2, 0) -> 61.55 | D11: 61.55 | E11: =D11 -> 61.55 | F11: =D11-D10 -> -1.88 | G11: =D11-$D$2 -> 0.46 | H11: =F11-F10 -> -2.1 | I11: =(D11/D10)*100 -> 97.036103 | J11: =(D11/$D$2)*100 -> 100.75299 | K11: =((D11/D10)-1)*100 -> -2.9638972 | L11: =((D11/$D$2)-1)*100 -> 0.7529874 | V11: 66.806667 | W11: 69 | AE11: 10 | AF11: =E11 -> 61.55 | AG11: =F11 -> -1.88 | AH11: =H11 -> -2.1 | AI11: =I11 -> 97.036103 | AJ11: =J11 -> 100.75299
A12: =A11+1 -> 44254 | B12: 11 | C12: =VLOOKUP(A12, Daily!$A:$B, 2, 0) -> #N/A | D12: 61.55 | E12: =D12 -> 61.55 | F12: =D12-D11 -> 0 | G12: =D12-$D$2 -> 0.46 | H12: =F12-F11 -> 1.88 | I12: =(D12/D11)*100 -> 100 | J12: =(D12/$D$2)*100 -> 100.75299 | K12: =((D12/D11)-1)*100 -> 0 | L12: =((D12/$D$2)-1)*100 -> 0.7529874 | V12: 68.430476 | W12: 69 | AE12: 11 | AF12: =E12 -> 61.55 | AG12: =F12 -> 0 | AH12: =H12 -> 1.88 | AI12: =I12 -> 100 | AJ12: =J12 -> 100.75299
A13: =A12+1 -> 44255 | B13: 12 | C13: =VLOOKUP(A13, Daily!$A:$B, 2, 0) -> #N/A | D13: 60.54 | E13: =D13 -> 60.54 | F13: =D13-D12 -> -1.01 | G13: =D13-$D$2 -> -0.55 | H13: =F13-F12 -> -1.01 | I13: =(D13/D12)*100 -> 98.359058 | J13: =(D13/$D$2)*100 -> 99.099689 | K13: =((D13/D12)-1)*100 -> -1.6409423 | L13: =((D13/$D$2)-1)*100 -> -0.90031102 | V13: 70.054286 | W13: 124 | AE13: 12 | AF13: =E13 -> 60.54 | AG13: =F13 -> -1.01 | AH13: =H13 -> -1.01 | AI13: =I13 -> 98.359058 | AJ13: =J13 -> 99.099689
A14: =A13+1 -> 44256 | B14: 13 | C14: =VLOOKUP(A14, Daily!$A:$B, 2, 0) -> 60.54 | D14: 60.54 | E14: =D14 -> 60.54 | F14: =D14-D13 -> 0 | G14: =D14-$D$2 -> -0.55 | H14: =F14-F13 -> 1.01 | I14: =(D14/D13)*100 -> 100 | J14: =(D14/$D$2)*100 -> 99.099689 | K14: =((D14/D13)-1)*100 -> 0 | L14: =((D14/$D$2)-1)*100 -> -0.90031102 | V14: 71.678095 | W14: 121
A15: =A14+1 -> 44257 | B15: 14 | C15: =VLOOKUP(A15, Daily!$A:$B, 2, 0) -> 59.7 | D15: 59.7 | E15: =D15 -> 59.7 | F15: =D15-D14 -> -0.84 | G15: =D15-$D$2 -> -1.39 | H15: =F15-F14 -> -0.84 | I15: =(D15/D14)*100 -> 98.612488 | J15: =(D15/$D$2)*100 -> 97.724669 | K15: =((D15/D14)-1)*100 -> -1.3875124 | L15: =((D15/$D$2)-1)*100 -> -2.2753315 | N15: АНАЛИЗ РЕЗУЛЬТАТОВ: | O15: 1. Средний уровень цены нефти WTI составил 76,69$ | V15: 73.301905 | W15: 128
A16: =A15+1 -> 44258 | B16: 15 | C16: =VLOOKUP(A16, Daily!$A:$B, 2, 0) -> 61.33 | D16: 61.33 | E16: =D16 -> 61.33 | F16: =D16-D15 -> 1.63 | G16: =D16-$D$2 -> 0.24 | H16: =F16-F15 -> 2.47 | I16: =(D16/D15)*100 -> 102.73032 | J16: =(D16/$D$2)*100 -> 100.39286 | K16: =((D16/D15)-1)*100 -> 2.7303183 | L16: =((D16/$D$2)-1)*100 -> 0.39286299 | O16: 2. Средний дневной прирост: 0,0008$ (практически стабильная цена) | R16: УСКОРЕНИЕ/ЗАМЕДЛЕНИЕ: | V16: 74.925714 | W16: 90
A17: =A16+1 -> 44259 | B17: 16 | C17: =VLOOKUP(A17, Daily!$A:$B, 2, 0) -> 63.81 | D17: 63.81 | E17: =D17 -> 63.81 | F17: =D17-D16 -> 2.48 | G17: =D17-$D$2 -> 2.72 | H17: =F17-F16 -> 0.85 | I17: =(D17/D16)*100 -> 104.0437 | J17: =(D17/$D$2)*100 -> 104.45245 | K17: =((D17/D16)-1)*100 -> 4.043698 | L17: =((D17/$D$2)-1)*100 -> 4.4524472 | O17: 3. Средний темп роста: 100,0013% (незначительный рост) | R17: Диапазон: от -25 до +15 | V17: 76.549524 | W17: 97
A18: =A17+1 -> 44260 | B18: 17 | C18: =VLOOKUP(A18, Daily!$A:$B, 2, 0) -> 66.08 | D18: 66.08 | E18: =D18 -> 66.08 | F18: =D18-D17 -> 2.27 | G18: =D18-$D$2 -> 4.99 | H18: =F18-F17 -> -0.21 | I18: =(D18/D17)*100 -> 103.55744 | J18: =(D18/$D$2)*100 -> 108.16828 | K18: =((D18/D17)-1)*100 -> 3.5574361 | L18: =((D18/$D$2)-1)*100 -> 8.1682763 | N18: 4. Диапазон изменений: | O18: - Абсолютное изменение: от -1,88$ до +2,55$ | R18: Среднее ускорение: около 0 | V18: 78.173333 | W18: 84
A19: =A18+1 -> 44261 | B19: 18 | C19: =VLOOKUP(A19, Daily!$A:$B, 2, 0) -> #N/A | D19: 66.08 | E19: =D19 -> 66.08 | F19: =D19-D18 -> 0 | G19: =D19-$D$2 -> 4.99 | H19: =F19-F18 -> -2.27 | I19: =(D19/D18)*100 -> 100 | J19: =(D19/$D$2)*100 -> 108.16828 | K19: =((D19/D18)-1)*100 -> 0 | L19: =((D19/$D$2)-1)*100 -> 8.1682763 | O19: - Темп роста цепной: от 97,04% до 104,31% | R19: Пики волатильности: 2022 год (резкие скачки) | V19: 79.797143 | W19: 113
A20: =A19+1 -> 44262 | B20: 19 | C20: =VLOOKUP(A20, Daily!$A:$B, 2, 0) -> #N/A | D20: 65.03 | E20: =D20 -> 65.03 | F20: =D20-D19 -> -1.05 | G20: =D20-$D$2 -> 3.94 | H20: =F20-F19 -> -1.05 | I20: =(D20/D19)*100 -> 98.411017 | J20: =(D20/$D$2)*100 -> 106.4495 | K20: =((D20/D19)-1)*100 -> -1.5889831 | L20: =((D20/$D$2)-1)*100 -> 6.4495007 | N20: 5. Вывод: цена нефти демонстрирует высокую волатильность | R20: ХАРАКТЕРИСТИКА: | V20: 81.420952 | W20: 102
A21: =A20+1 -> 44263 | B21: 20 | C21: =VLOOKUP(A21, Daily!$A:$B, 2, 0) -> 65.03 | D21: 65.03 | E21: =D21 -> 65.03 | F21: =D21-D20 -> 0 | G21: =D21-$D$2 -> 3.94 | H21: =F21-F20 -> 1.05 | I21: =(D21/D20)*100 -> 100 | J21: =(D21/$D$2)*100 -> 106.4495 | K21: =((D21/D20)-1)*100 -> 0 | L21: =((D21/$D$2)-1)*100 -> 6.4495007 | N21: АНАЛИЗ РАСПРЕДЕЛЕНИЯ: | R21: - Частая смена знака (положительное ↔ отрицательное) | V21: 83.044762 | W21: 73
A22: =A21+1 -> 44264 | B22: 21 | C22: =VLOOKUP(A22, Daily!$A:$B, 2, 0) -> 64.02 | D22: 64.02 | E22: =D22 -> 64.02 | F22: =D22-D21 -> -1.01 | G22: =D22-$D$2 -> 2.93 | H22: =F22-F21 -> -1.01 | I22: =(D22/D21)*100 -> 98.446871 | J22: =(D22/$D$2)*100 -> 104.7962 | K22: =((D22/D21)-1)*100 -> -1.5531293 | L22: =((D22/$D$2)-1)*100 -> 4.7962023 | N22: Форма: Приближена к нормальному распределению | R22: - 2022: экстремальная волатильность (пики до +15, -20) | V22: 84.668571 | W22: 64
A23: =A22+1 -> 44265 | B23: 22 | C23: =VLOOKUP(A23, Daily!$A:$B, 2, 0) -> 64.45 | D23: 64.45 | E23: =D23 -> 64.45 | F23: =D23-D22 -> 0.43 | G23: =D23-$D$2 -> 3.36 | H23: =F23-F22 -> 1.44 | I23: =(D23/D22)*100 -> 100.67167 | J23: =(D23/$D$2)*100 -> 105.50008 | K23: =((D23/D22)-1)*100 -> 0.6716651 | L23: =((D23/$D$2)-1)*100 -> 5.5000818 | N23: Центр: 60-80$ (наибольшая частота) | R23: - 2023-2026: стабилизация (около 0) | V23: 86.292381 | W23: 51
A24: =A23+1 -> 44266 | B24: 23 | C24: =VLOOKUP(A24, Daily!$A:$B, 2, 0) -> 66.02 | D24: 66.02 | E24: =D24 -> 66.02 | F24: =D24-D23 -> 1.57 | G24: =D24-$D$2 -> 4.93 | H24: =F24-F23 -> 1.14 | I24: =(D24/D23)*100 -> 102.436 | J24: =(D24/$D$2)*100 -> 108.07006 | K24: =((D24/D23)-1)*100 -> 2.4359969 | L24: =((D24/$D$2)-1)*100 -> 8.0700606 | N24: Разброс: от 55$ до 120$ | R24: ВЫВОД: Процесс НЕСТАБИЛЬНЫЙ, | V24: 87.91619 | W24: 45
A25: =A24+1 -> 44267 | B25: 24 | C25: =VLOOKUP(A25, Daily!$A:$B, 2, 0) -> 65.59 | D25: 65.59 | E25: =D25 -> 65.59 | F25: =D25-D24 -> -0.43 | G25: =D25-$D$2 -> 4.5 | H25: =F25-F24 -> -2 | I25: =(D25/D24)*100 -> 99.348682 | J25: =(D25/$D$2)*100 -> 107.36618 | K25: =((D25/D24)-1)*100 -> -0.65131778 | L25: =((D25/$D$2)-1)*100 -> 7.366181 | N25: Среднее: 76,69$ | R25: но после 2022 года наблюдается успокоение рынка | V25: 89.54 | W25: 29
A26: =A25+1 -> 44268 | B26: 25 | C26: =VLOOKUP(A26, Daily!$A:$B, 2, 0) -> #N/A | D26: 65.59 | E26: =D26 -> 65.59 | F26: =D26-D25 -> 0 | G26: =D26-$D$2 -> 4.5 | H26: =F26-F25 -> 0.43 | I26: =(D26/D25)*100 -> 100 | J26: =(D26/$D$2)*100 -> 107.36618 | K26: =((D26/D25)-1)*100 -> 0 | L26: =((D26/$D$2)-1)*100 -> 7.366181 | N26: Вывод: Цены сконцентрированы вокруг 60-80$, присутствуют выбросы выше 100$ (кризисные периоды) | V26: 91.16381 | W26: 19
A27: =A26+1 -> 44269 | B27: 26 | C27: =VLOOKUP(A27, Daily!$A:$B, 2, 0) -> #N/A | D27: 65.36 | E27: =D27 -> 65.36 | F27: =D27-D26 -> -0.23 | G27: =D27-$D$2 -> 4.27 | H27: =F27-F26 -> -0.23 | I27: =(D27/D26)*100 -> 99.649337 | J27: =(D27/$D$2)*100 -> 106.98969 | K27: =((D27/D26)-1)*100 -> -0.35066321 | L27: =((D27/$D$2)-1)*100 -> 6.9896873 | V27: 92.787619 | W27: 31
A28: =A27+1 -> 44270 | B28: 27 | C28: =VLOOKUP(A28, Daily!$A:$B, 2, 0) -> 65.36 | D28: 65.36 | E28: =D28 -> 65.36 | F28: =D28-D27 -> 0 | G28: =D28-$D$2 -> 4.27 | H28: =F28-F27 -> 0.23 | I28: =(D28/D27)*100 -> 100 | J28: =(D28/$D$2)*100 -> 106.98969 | K28: =((D28/D27)-1)*100 -> 0 | L28: =((D28/$D$2)-1)*100 -> 6.9896873 | V28: 94.411429 | W28: 20
A29: =A28+1 -> 44271 | B29: 28 | C29: =VLOOKUP(A29, Daily!$A:$B, 2, 0) -> 64.82 | D29: 64.82 | E29: =D29 -> 64.82 | F29: =D29-D28 -> -0.54 | G29: =D29-$D$2 -> 3.73 | H29: =F29-F28 -> -0.54 | I29: =(D29/D28)*100 -> 99.173807 | J29: =(D29/$D$2)*100 -> 106.10575 | K29: =((D29/D28)-1)*100 -> -0.82619339 | L29: =((D29/$D$2)-1)*100 -> 6.1057456 | V29: 96.035238 | W29: 7
A30: =A29+1 -> 44272 | B30: 29 | C30: =VLOOKUP(A30, Daily!$A:$B, 2, 0) -> 64.55 | D30: 64.55 | E30: =D30 -> 64.55 | F30: =D30-D29 -> -0.27 | G30: =D30-$D$2 -> 3.46 | H30: =F30-F29 -> 0.27 | I30: =(D30/D29)*100 -> 99.583462 | J30: =(D30/$D$2)*100 -> 105.66377 | K30: =((D30/D29)-1)*100 -> -0.41653811 | L30: =((D30/$D$2)-1)*100 -> 5.6637748 | V30: 97.659048 | W30: 12
A31: =A30+1 -> 44273 | B31: 30 | C31: =VLOOKUP(A31, Daily!$A:$B, 2, 0) -> 59.95 | D31: 59.95 | E31: =D31 -> 59.95 | F31: =D31-D30 -> -4.6 | G31: =D31-$D$2 -> -1.14 | H31: =F31-F30 -> -4.33 | I31: =(D31/D30)*100 -> 92.873741 | J31: =(D31/$D$2)*100 -> 98.133901 | K31: =((D31/D30)-1)*100 -> -7.1262587 | L31: =((D31/$D$2)-1)*100 -> -1.8660992 | V31: 99.282857 | W31: 10
A32: =A31+1 -> 44274 | B32: 31 | C32: =VLOOKUP(A32, Daily!$A:$B, 2, 0) -> 61.43 | D32: 61.43 | E32: =D32 -> 61.43 | F32: =D32-D31 -> 1.48 | G32: =D32-$D$2 -> 0.34 | H32: =F32-F31 -> 6.08 | I32: =(D32/D31)*100 -> 102.46872 | J32: =(D32/$D$2)*100 -> 100.55656 | K32: =((D32/D31)-1)*100 -> 2.4687239 | L32: =((D32/$D$2)-1)*100 -> 0.5565559 | V32: 100.90667 | W32: 13
A33: =A32+1 -> 44275 | B33: 32 | C33: =VLOOKUP(A33, Daily!$A:$B, 2, 0) -> #N/A | D33: 61.43 | E33: =D33 -> 61.43 | F33: =D33-D32 -> 0 | G33: =D33-$D$2 -> 0.34 | H33: =F33-F32 -> -1.48 | I33: =(D33/D32)*100 -> 100 | J33: =(D33/$D$2)*100 -> 100.55656 | K33: =((D33/D32)-1)*100 -> 0 | L33: =((D33/$D$2)-1)*100 -> 0.5565559 | V33: 102.53048 | W33: 8
A34: =A33+1 -> 44276 | B34: 33 | C34: =VLOOKUP(A34, Daily!$A:$B, 2, 0) -> #N/A | D34: 61.48 | E34: =D34 -> 61.48 | F34: =D34-D33 -> 0.05 | G34: =D34-$D$2 -> 0.39 | H34: =F34-F33 -> 0.05 | I34: =(D34/D33)*100 -> 100.08139 | J34: =(D34/$D$2)*100 -> 100.6384 | K34: =((D34/D33)-1)*100 -> 0.081393456 | L34: =((D34/$D$2)-1)*100 -> 0.63840236 | V34: 104.15429 | W34: 14
A35: =A34+1 -> 44277 | B35: 34 | C35: =VLOOKUP(A35, Daily!$A:$B, 2, 0) -> 61.48 | D35: 61.48 | E35: =D35 -> 61.48 | F35: =D35-D34 -> 0 | G35: =D35-$D$2 -> 0.39 | H35: =F35-F34 -> -0.05 | I35: =(D35/D34)*100 -> 100 | J35: =(D35/$D$2)*100 -> 100.6384 | K35: =((D35/D34)-1)*100 -> 0 | L35: =((D35/$D$2)-1)*100 -> 0.63840236 | V35: 105.7781 | W35: 15
A36: =A35+1 -> 44278 | B36: 35 | C36: =VLOOKUP(A36, Daily!$A:$B, 2, 0) -> 57.75 | D36: 57.75 | E36: =D36 -> 57.75 | F36: =D36-D35 -> -3.73 | G36: =D36-$D$2 -> -3.34 | H36: =F36-F35 -> -3.73 | I36: =(D36/D35)*100 -> 93.932986 | J36: =(D36/$D$2)*100 -> 94.532657 | K36: =((D36/D35)-1)*100 -> -6.0670137 | L36: =((D36/$D$2)-1)*100 -> -5.4673433 | V36: 107.4019 | W36: 11
A37: =A36+1 -> 44279 | B37: 36 | C37: =VLOOKUP(A37, Daily!$A:$B, 2, 0) -> 61.12 | D37: 61.12 | E37: =D37 -> 61.12 | F37: =D37-D36 -> 3.37 | G37: =D37-$D$2 -> 0.03 | H37: =F37-F36 -> 7.1 | I37: =(D37/D36)*100 -> 105.8355 | J37: =(D37/$D$2)*100 -> 100.04911 | K37: =((D37/D36)-1)*100 -> 5.8354978 | L37: =((D37/$D$2)-1)*100 -> 0.049107874 | V37: 109.02571 | W37: 10
A38: =A37+1 -> 44280 | B38: 37 | C38: =VLOOKUP(A38, Daily!$A:$B, 2, 0) -> 58.47 | D38: 58.47 | E38: =D38 -> 58.47 | F38: =D38-D37 -> -2.65 | G38: =D38-$D$2 -> -2.62 | H38: =F38-F37 -> -6.02 | I38: =(D38/D37)*100 -> 95.664267 | J38: =(D38/$D$2)*100 -> 95.711246 | K38: =((D38/D37)-1)*100 -> -4.335733 | L38: =((D38/$D$2)-1)*100 -> -4.2887543 | V38: 110.64952 | W38: 18
... A40: =A39+1 -> 44282 | B40: 39 | C40: =VLOOKUP(A40, Daily!$A:$B, 2, 0) -> #N/A | D40: 60.93 | E40: =D40 -> 60.93 | F40: =D40-D39 -> 0 | G40: =D40-$D$2 -> -0.16 | H40: =F40-F39 -> -2.46 | I40: =(D40/D39)*100 -> 100 | J40: =(D40/$D$2)*100 -> 99.738091 | K40: =((D40/D39)-1)*100 -> 0 | L40: =((D40/$D$2)-1)*100 -> -0.26190866 | V40: 113.89714 | W40: 6
A41: =A40+1 -> 44283 | B41: 40 | C41: =VLOOKUP(A41, Daily!$A:$B, 2, 0) -> #N/A | D41: 61.49 | E41: =D41 -> 61.49 | F41: =D41-D40 -> 0.56 | G41: =D41-$D$2 -> 0.4 | H41: =F41-F40 -> 0.56 | I41: =(D41/D40)*100 -> 100.91909 | J41: =(D41/$D$2)*100 -> 100.65477 | K41: =((D41/D40)-1)*100 -> 0.91908748 | L41: =((D41/$D$2)-1)*100 -> 0.65477165 | R41: ЕЖЕДНЕВНЫЙ ТЕМП РОСТА: | V41: 115.52095 | W41: 11
A42: =A41+1 -> 44284 | B42: 41 | C42: =VLOOKUP(A42, Daily!$A:$B, 2, 0) -> 61.49 | D42: 61.49 | E42: =D42 -> 61.49 | F42: =D42-D41 -> 0 | G42: =D42-$D$2 -> 0.4 | H42: =F42-F41 -> -0.56 | I42: =(D42/D41)*100 -> 100 | J42: =(D42/$D$2)*100 -> 100.65477 | K42: =((D42/D41)-1)*100 -> 0 | L42: =((D42/$D$2)-1)*100 -> 0.65477165 | R42: Средний темп: 100,0013% (незначительный рост) | V42: 117.14476 | W42: 6
A43: =A42+1 -> 44285 | B43: 42 | C43: =VLOOKUP(A43, Daily!$A:$B, 2, 0) -> 60.55 | D43: 60.55 | E43: =D43 -> 60.55 | F43: =D43-D42 -> -0.94 | G43: =D43-$D$2 -> -0.54 | H43: =F43-F42 -> -0.94 | I43: =(D43/D42)*100 -> 98.471296 | J43: =(D43/$D$2)*100 -> 99.116058 | K43: =((D43/D42)-1)*100 -> -1.5287039 | L43: =((D43/$D$2)-1)*100 -> -0.88394173 | R43: Диапазон: от 97,04% до 104,31% | V43: 118.76857 | W43: 3
A44: =A43+1 -> 44286 | B44: 43 | C44: =VLOOKUP(A44, Daily!$A:$B, 2, 0) -> 59.19 | D44: 59.19 | E44: =D44 -> 59.19 | F44: =D44-D43 -> -1.36 | G44: =D44-$D$2 -> -1.9 | H44: =F44-F43 -> -0.42 | I44: =(D44/D43)*100 -> 97.753922 | J44: =(D44/$D$2)*100 -> 96.889835 | K44: =((D44/D43)-1)*100 -> -2.2460776 | L44: =((D44/$D$2)-1)*100 -> -3.1101653 | R44: Большинство значений: около 100% | V44: 120.39238 | W44: 6
A45: =A44+1 -> 44287 | B45: 44 | C45: =VLOOKUP(A45, Daily!$A:$B, 2, 0) -> 61.41 | D45: 61.41 | E45: =D45 -> 61.41 | F45: =D45-D44 -> 2.22 | G45: =D45-$D$2 -> 0.32 | H45: =F45-F44 -> 3.58 | I45: =(D45/D44)*100 -> 103.75063 | J45: =(D45/$D$2)*100 -> 100.52382 | K45: =((D45/D44)-1)*100 -> 3.7506336 | L45: =((D45/$D$2)-1)*100 -> 0.52381732 | R45: ИНТЕРПРЕТАЦИЯ: | V45: 122.01619 | W45: 6
A46: =A45+1 -> 44288 | B46: 45 | C46: =VLOOKUP(A46, Daily!$A:$B, 2, 0) -> 0 | D46: 61.41 | E46: =D46 -> 61.41 | F46: =D46-D45 -> 0 | G46: =D46-$D$2 -> 0.32 | H46: =F46-F45 -> -2.22 | I46: =(D46/D45)*100 -> 100 | J46: =(D46/$D$2)*100 -> 100.52382 | K46: =((D46/D45)-1)*100 -> 0 | L46: =((D46/$D$2)-1)*100 -> 0.52381732 | R46: - Значения >100%: цена росла | V46: Еще | W46: 1
A47: =A46+1 -> 44289 | B47: 46 | C47: =VLOOKUP(A47, Daily!$A:$B, 2, 0) -> #N/A | D47: 61.41 | E47: =D47 -> 61.41 | F47: =D47-D46 -> 0 | G47: =D47-$D$2 -> 0.32 | H47: =F47-F46 -> 0 | I47: =(D47/D46)*100 -> 100 | J47: =(D47/$D$2)*100 -> 100.52382 | K47: =((D47/D46)-1)*100 -> 0 | L47: =((D47/$D$2)-1)*100 -> 0.52381732 | R47: - Значения <100%: цена падала
A48: =A47+1 -> 44290 | B48: 47 | C48: =VLOOKUP(A48, Daily!$A:$B, 2, 0) -> #N/A | D48: 58.73 | E48: =D48 -> 58.73 | F48: =D48-D47 -> -2.68 | G48: =D48-$D$2 -> -2.36 | H48: =F48-F47 -> -2.68 | I48: =(D48/D47)*100 -> 95.63589 | J48: =(D48/$D$2)*100 -> 96.136847 | K48: =((D48/D47)-1)*100 -> -4.3641101 | L48: =((D48/$D$2)-1)*100 -> -3.8631527 | R48: - Пики 2022: до 200% (резкие скачки)
A49: =A48+1 -> 44291 | B49: 48 | C49: =VLOOKUP(A49, Daily!$A:$B, 2, 0) -> 58.73 | D49: 58.73 | E49: =D49 -> 58.73 | F49: =D49-D48 -> 0 | G49: =D49-$D$2 -> -2.36 | H49: =F49-F48 -> 2.68 | I49: =(D49/D48)*100 -> 100 | J49: =(D49/$D$2)*100 -> 96.136847 | K49: =((D49/D48)-1)*100 -> 0 | L49: =((D49/$D$2)-1)*100 -> -3.8631527 | R49: ВЫВОД: В среднем цена ПРАКТИЧЕСКИ НЕ МЕНЯЛАСЬ, но присутствовали периоды экстремальной волатильности (2022 год)
A50: =A49+1 -> 44292 | B50: 49 | C50: =VLOOKUP(A50, Daily!$A:$B, 2, 0) -> 59.34 | D50: 59.34 | E50: =D50 -> 59.34 | F50: =D50-D49 -> 0.61 | G50: =D50-$D$2 -> -1.75 | H50: =F50-F49 -> 0.61 | I50: =(D50/D49)*100 -> 101.03865 | J50: =(D50/$D$2)*100 -> 97.135374 | K50: =((D50/D49)-1)*100 -> 1.0386515 | L50: =((D50/$D$2)-1)*100 -> -2.864626 | N50: ЕЖЕДНЕВНЫЕ ИЗМЕНЕНИЯ:
A51: =A50+1 -> 44293 | B51: 50 | C51: =VLOOKUP(A51, Daily!$A:$B, 2, 0) -> 59.77 | D51: 59.77 | E51: =D51 -> 59.77 | F51: =D51-D50 -> 0.43 | G51: =D51-$D$2 -> -1.32 | H51: =F51-F50 -> -0.18 | I51: =(D51/D50)*100 -> 100.72464 | J51: =(D51/$D$2)*100 -> 97.839254 | K51: =((D51/D50)-1)*100 -> 0.72463768 | L51: =((D51/$D$2)-1)*100 -> -2.1607464 | N51: Диапазон: от -15$ до +5$ (видны выбросы!)
A52: =A51+1 -> 44294 | B52: 51 | C52: =VLOOKUP(A52, Daily!$A:$B, 2, 0) -> 59.61 | D52: 59.61 | E52: =D52 -> 59.61 | F52: =D52-D51 -> -0.16 | G52: =D52-$D$2 -> -1.48 | H52: =F52-F51 -> -0.59 | I52: =(D52/D51)*100 -> 99.732307 | J52: =(D52/$D$2)*100 -> 97.577345 | K52: =((D52/D51)-1)*100 -> -0.26769282 | L52: =((D52/$D$2)-1)*100 -> -2.4226551 | N52: Большинство значений: около 0 (от -2$ до +2$)
A53: =A52+1 -> 44295 | B53: 52 | C53: =VLOOKUP(A53, Daily!$A:$B, 2, 0) -> 59.29 | D53: 59.29 | E53: =D53 -> 59.29 | F53: =D53-D52 -> -0.32 | G53: =D53-$D$2 -> -1.8 | H53: =F53-F52 -> -0.16 | I53: =(D53/D52)*100 -> 99.463177 | J53: =(D53/$D$2)*100 -> 97.053528 | K53: =((D53/D52)-1)*100 -> -0.53682268 | L53: =((D53/$D$2)-1)*100 -> -2.9464724 | N53: Среднее изменение: 0,0008$
A54: =A53+1 -> 44296 | B54: 53 | C54: =VLOOKUP(A54, Daily!$A:$B, 2, 0) -> #N/A | D54: 59.29 | E54: =D54 -> 59.29 | F54: =D54-D53 -> 0 | G54: =D54-$D$2 -> -1.8 | H54: =F54-F53 -> 0.32 | I54: =(D54/D53)*100 -> 100 | J54: =(D54/$D$2)*100 -> 97.053528 | K54: =((D54/D53)-1)*100 -> 0 | L54: =((D54/$D$2)-1)*100 -> -2.9464724
A55: =A54+1 -> 44297 | B55: 54 | C55: =VLOOKUP(A55, Daily!$A:$B, 2, 0) -> #N/A | D55: 59.7 | E55: =D55 -> 59.7 | F55: =D55-D54 -> 0.41 | G55: =D55-$D$2 -> -1.39 | H55: =F55-F54 -> 0.41 | I55: =(D55/D54)*100 -> 100.69152 | J55: =(D55/$D$2)*100 -> 97.724669 | K55: =((D55/D54)-1)*100 -> 0.69151628 | L55: =((D55/$D$2)-1)*100 -> -2.2753315 | N55: ВЫСОКАЯ ВОЛАТИЛЬНОСТЬ:
A56: =A55+1 -> 44298 | B56: 55 | C56: =VLOOKUP(A56, Daily!$A:$B, 2, 0) -> 59.7 | D56: 59.7 | E56: =D56 -> 59.7 | F56: =D56-D55 -> 0 | G56: =D56-$D$2 -> -1.39 | H56: =F56-F55 -> -0.41 | I56: =(D56/D55)*100 -> 100 | J56: =(D56/$D$2)*100 -> 97.724669 | K56: =((D56/D55)-1)*100 -> 0 | L56: =((D56/$D$2)-1)*100 -> -2.2753315 | N56: - Есть дни с резкими скачками (пики до +5$)
A57: =A56+1 -> 44299 | B57: 56 | C57: =VLOOKUP(A57, Daily!$A:$B, 2, 0) -> 60.2 | D57: 60.2 | E57: =D57 -> 60.2 | F57: =D57-D56 -> 0.5 | G57: =D57-$D$2 -> -0.89 | H57: =F57-F56 -> 0.5 | I57: =(D57/D56)*100 -> 100.83752 | J57: =(D57/$D$2)*100 -> 98.543133 | K57: =((D57/D56)-1)*100 -> 0.83752094 | L57: =((D57/$D$2)-1)*100 -> -1.4568669 | N57: - Есть дни с обвалами (до -15$)
A58: =A57+1 -> 44300 | B58: 57 | C58: =VLOOKUP(A58, Daily!$A:$B, 2, 0) -> 63.15 | D58: 63.15 | E58: =D58 -> 63.15 | F58: =D58-D57 -> 2.95 | G58: =D58-$D$2 -> 2.06 | H58: =F58-F57 -> 2.45 | I58: =(D58/D57)*100 -> 104.90033 | J58: =(D58/$D$2)*100 -> 103.37207 | K58: =((D58/D57)-1)*100 -> 4.9003322 | L58: =((D58/$D$2)-1)*100 -> 3.372074 | N58: - Большинство дней: стабильные (около 0)
A59: =A58+1 -> 44301 | B59: 58 | C59: =VLOOKUP(A59, Daily!$A:$B, 2, 0) -> 63.42 | D59: 63.42 | E59: =D59 -> 63.42 | F59: =D59-D58 -> 0.27 | G59: =D59-$D$2 -> 2.33 | H59: =F59-F58 -> -2.68 | I59: =(D59/D58)*100 -> 100.42755 | J59: =(D59/$D$2)*100 -> 103.81404 | K59: =((D59/D58)-1)*100 -> 0.42755344 | L59: =((D59/$D$2)-1)*100 -> 3.8140449 | N59: ВЫВОД: Рынок НЕСТАБИЛЬНЫЙ,
A60: =A59+1 -> 44302 | B60: 59 | C60: =VLOOKUP(A60, Daily!$A:$B, 2, 0) -> 63.16 | D60: 63.16 | E60: =D60 -> 63.16 | F60: =D60-D59 -> -0.26 | G60: =D60-$D$2 -> 2.07 | H60: =F60-F59 -> -0.53 | I60: =(D60/D59)*100 -> 99.590035 | J60: =(D60/$D$2)*100 -> 103.38844 | K60: =((D60/D59)-1)*100 -> -0.40996531 | L60: =((D60/$D$2)-1)*100 -> 3.3884433 | N60: частые резкие колебания
A61: =A60+1 -> 44303 | B61: 60 | C61: =VLOOKUP(A61, Daily!$A:$B, 2, 0) -> #N/A | D61: 63.16 | E61: =D61 -> 63.16 | F61: =D61-D60 -> 0 | G61: =D61-$D$2 -> 2.07 | H61: =F61-F60 -> 0.26 | I61: =(D61/D60)*100 -> 100 | J61: =(D61/$D$2)*100 -> 103.38844 | K61: =((D61/D60)-1)*100 -> 0 | L61: =((D61/$D$2)-1)*100 -> 3.3884433
A62: =A61+1 -> 44304 | B62: 61 | C62: =VLOOKUP(A62, Daily!$A:$B, 2, 0) -> #N/A | D62: 63.33 | E62: =D62 -> 63.33 | F62: =D62-D61 -> 0.17 | G62: =D62-$D$2 -> 2.24 | H62: =F62-F61 -> 0.17 | I62: =(D62/D61)*100 -> 100.26916 | J62: =(D62/$D$2)*100 -> 103.66672 | K62: =((D62/D61)-1)*100 -> 0.26915769 | L62: =((D62/$D$2)-1)*100 -> 3.6667212
A63: =A62+1 -> 44305 | B63: 62 | C63: =VLOOKUP(A63, Daily!$A:$B, 2, 0) -> 63.33 | D63: 63.33 | E63: =D63 -> 63.33 | F63: =D63-D62 -> 0 | G63: =D63-$D$2 -> 2.24 | H63: =F63-F62 -> -0.17 | I63: =(D63/D62)*100 -> 100 | J63: =(D63/$D$2)*100 -> 103.66672 | K63: =((D63/D62)-1)*100 -> 0 | L63: =((D63/$D$2)-1)*100 -> 3.6667212
A64: =A63+1 -> 44306 | B64: 63 | C64: =VLOOKUP(A64, Daily!$A:$B, 2, 0) -> 62.61 | D64: 62.61 | E64: =D64 -> 62.61 | F64: =D64-D63 -> -0.72 | G64: =D64-$D$2 -> 1.52 | H64: =F64-F63 -> -0.72 | I64: =(D64/D63)*100 -> 98.863098 | J64: =(D64/$D$2)*100 -> 102.48813 | K64: =((D64/D63)-1)*100 -> -1.1369019 | L64: =((D64/$D$2)-1)*100 -> 2.4881323
A65: =A64+1 -> 44307 | B65: 64 | C65: =VLOOKUP(A65, Daily!$A:$B, 2, 0) -> 61.34 | D65: 61.34 | E65: =D65 -> 61.34 | F65: =D65-D64 -> -1.27 | G65: =D65-$D$2 -> 0.25 | H65: =F65-F64 -> -0.55 | I65: =(D65/D64)*100 -> 97.97157 | J65: =(D65/$D$2)*100 -> 100.40923 | K65: =((D65/D64)-1)*100 -> -2.02843 | L65: =((D65/$D$2)-1)*100 -> 0.40923228 | R65: ДИНАМИКА ЦЕНЫ:
A66: =A65+1 -> 44308 | B66: 65 | C66: =VLOOKUP(A66, Daily!$A:$B, 2, 0) -> 61.45 | D66: 61.45 | E66: =D66 -> 61.45 | F66: =D66-D65 -> 0.11 | G66: =D66-$D$2 -> 0.36 | H66: =F66-F65 -> 1.38 | I66: =(D66/D65)*100 -> 100.17933 | J66: =(D66/$D$2)*100 -> 100.58929 | K66: =((D66/D65)-1)*100 -> 0.17932833 | L66: =((D66/$D$2)-1)*100 -> 0.58929448 | R66: Начальная цена (17.02.2021): 61,09$
A67: =A66+1 -> 44309 | B67: 66 | C67: =VLOOKUP(A67, Daily!$A:$B, 2, 0) -> 62.18 | D67: 62.18 | E67: =D67 -> 62.18 | F67: =D67-D66 -> 0.73 | G67: =D67-$D$2 -> 1.09 | H67: =F67-F66 -> 0.62 | I67: =(D67/D66)*100 -> 101.18796 | J67: =(D67/$D$2)*100 -> 101.78425 | K67: =((D67/D66)-1)*100 -> 1.1879577 | L67: =((D67/$D$2)-1)*100 -> 1.7842527 | R67: Конечная цена: около 60$
A68: =A67+1 -> 44310 | B68: 67 | C68: =VLOOKUP(A68, Daily!$A:$B, 2, 0) -> #N/A | D68: 62.18 | E68: =D68 -> 62.18 | F68: =D68-D67 -> 0 | G68: =D68-$D$2 -> 1.09 | H68: =F68-F67 -> -0.73 | I68: =(D68/D67)*100 -> 100 | J68: =(D68/$D$2)*100 -> 101.78425 | K68: =((D68/D67)-1)*100 -> 0 | L68: =((D68/$D$2)-1)*100 -> 1.7842527 | R68: Максимум: около 120$ (2022 год)
A69: =A68+1 -> 44311 | B69: 68 | C69: =VLOOKUP(A69, Daily!$A:$B, 2, 0) -> #N/A | D69: 62.02 | E69: =D69 -> 62.02 | F69: =D69-D68 -> -0.16 | G69: =D69-$D$2 -> 0.93 | H69: =F69-F68 -> -0.16 | I69: =(D69/D68)*100 -> 99.742683 | J69: =(D69/$D$2)*100 -> 101.52234 | K69: =((D69/D68)-1)*100 -> -0.25731747 | L69: =((D69/$D$2)-1)*100 -> 1.5223441 | R69: Минимум: около 57$ (март 2021)
A70: =A69+1 -> 44312 | B70: 69 | C70: =VLOOKUP(A70, Daily!$A:$B, 2, 0) -> 62.02 | D70: 62.02 | E70: =D70 -> 62.02 | F70: =D70-D69 -> 0 | G70: =D70-$D$2 -> 0.93 | H70: =F70-F69 -> 0.16 | I70: =(D70/D69)*100 -> 100 | J70: =(D70/$D$2)*100 -> 101.52234 | K70: =((D70/D69)-1)*100 -> 0 | L70: =((D70/$D$2)-1)*100 -> 1.5223441 | R70: Наблюдается ВОЛАТИЛЬНОСТЬ:
A71: =A70+1 -> 44313 | B71: 70 | C71: =VLOOKUP(A71, Daily!$A:$B, 2, 0) -> 63.03 | D71: 63.03 | E71: =D71 -> 63.03 | F71: =D71-D70 -> 1.01 | G71: =D71-$D$2 -> 1.94 | H71: =F71-F70 -> 1.01 | I71: =(D71/D70)*100 -> 101.62851 | J71: =(D71/$D$2)*100 -> 103.17564 | K71: =((D71/D70)-1)*100 -> 1.6285069 | L71: =((D71/$D$2)-1)*100 -> 3.1756425 | R71: - 2021: рост с 61$ до 80$
A72: =A71+1 -> 44314 | B72: 71 | C72: =VLOOKUP(A72, Daily!$A:$B, 2, 0) -> 63.81 | D72: 63.81 | E72: =D72 -> 63.81 | F72: =D72-D71 -> 0.78 | G72: =D72-$D$2 -> 2.72 | H72: =F72-F71 -> -0.23 | I72: =(D72/D71)*100 -> 101.23751 | J72: =(D72/$D$2)*100 -> 104.45245 | K72: =((D72/D71)-1)*100 -> 1.2375059 | L72: =((D72/$D$2)-1)*100 -> 4.4524472 | R72: - 2022: резкий скачок до 120$ (кризис)
A73: =A72+1 -> 44315 | B73: 72 | C73: =VLOOKUP(A73, Daily!$A:$B, 2, 0) -> 65 | D73: 65 | E73: =D73 -> 65 | F73: =D73-D72 -> 1.19 | G73: =D73-$D$2 -> 3.91 | H73: =F73-F72 -> 0.41 | I73: =(D73/D72)*100 -> 101.86491 | J73: =(D73/$D$2)*100 -> 106.40039 | K73: =((D73/D72)-1)*100 -> 1.8649115 | L73: =((D73/$D$2)-1)*100 -> 6.4003929 | R73: - 2023-2024: снижение до 60-70$
A74: =A73+1 -> 44316 | B74: 73 | C74: =VLOOKUP(A74, Daily!$A:$B, 2, 0) -> 63.5 | D74: 63.5 | E74: =D74 -> 63.5 | F74: =D74-D73 -> -1.5 | G74: =D74-$D$2 -> 2.41 | H74: =F74-F73 -> -2.69 | I74: =(D74/D73)*100 -> 97.692308 | J74: =(D74/$D$2)*100 -> 103.945 | K74: =((D74/D73)-1)*100 -> -2.3076923 | L74: =((D74/$D$2)-1)*100 -> 3.9449992 | R74: - 2025-2026: стабилизация около 60$
A75: =A74+1 -> 44317 | B75: 74 | C75: =VLOOKUP(A75, Daily!$A:$B, 2, 0) -> #N/A | D75: 63.5 | E75: =D75 -> 63.5 | F75: =D75-D74 -> 0 | G75: =D75-$D$2 -> 2.41 | H75: =F75-F74 -> 1.5 | I75: =(D75/D74)*100 -> 100 | J75: =(D75/$D$2)*100 -> 103.945 | K75: =((D75/D74)-1)*100 -> 0 | L75: =((D75/$D$2)-1)*100 -> 3.9449992 | R75: ОБЩИЙ ТРЕНД: Незначительное снижение
A76: =A75+1 -> 44318 | B76: 75 | C76: =VLOOKUP(A76, Daily!$A:$B, 2, 0) -> #N/A | D76: 64.46 | E76: =D76 -> 64.46 | F76: =D76-D75 -> 0.96 | G76: =D76-$D$2 -> 3.37 | H76: =F76-F75 -> 0.96 | I76: =(D76/D75)*100 -> 101.51181 | J76: =(D76/$D$2)*100 -> 105.51645 | K76: =((D76/D75)-1)*100 -> 1.511811 | L76: =((D76/$D$2)-1)*100 -> 5.5164511 | R76: Средний дневной прирост: 0,0008$ (практически 0)
A77: =A76+1 -> 44319 | B77: 76 | C77: =VLOOKUP(A77, Daily!$A:$B, 2, 0) -> 64.46 | D77: 64.46 | E77: =D77 -> 64.46 | F77: =D77-D76 -> 0 | G77: =D77-$D$2 -> 3.37 | H77: =F77-F76 -> -0.96 | I77: =(D77/D76)*100 -> 100 | J77: =(D77/$D$2)*100 -> 105.51645 | K77: =((D77/D76)-1)*100 -> 0 | L77: =((D77/$D$2)-1)*100 -> 5.5164511 | N77: ОБЩИЙ ТЕМП РОСТА (к 17.02.2021):
A78: =A77+1 -> 44320 | B78: 77 | C78: =VLOOKUP(A78, Daily!$A:$B, 2, 0) -> 65.72 | D78: 65.72 | E78: =D78 -> 65.72 | F78: =D78-D77 -> 1.26 | G78: =D78-$D$2 -> 4.63 | H78: =F78-F77 -> 1.26 | I78: =(D78/D77)*100 -> 101.9547 | J78: =(D78/$D$2)*100 -> 107.57898 | K78: =((D78/D77)-1)*100 -> 1.9547006 | L78: =((D78/$D$2)-1)*100 -> 7.5789818 | N78: Начало периода: 100%
A79: =A78+1 -> 44321 | B79: 78 | C79: =VLOOKUP(A79, Daily!$A:$B, 2, 0) -> 65.63 | D79: 65.63 | E79: =D79 -> 65.63 | F79: =D79-D78 -> -0.09 | G79: =D79-$D$2 -> 4.54 | H79: =F79-F78 -> -1.35 | I79: =(D79/D78)*100 -> 99.863055 | J79: =(D79/$D$2)*100 -> 107.43166 | K79: =((D79/D78)-1)*100 -> -0.13694461 | L79: =((D79/$D$2)-1)*100 -> 7.4316582 | N79: Конец периода: около 98-100%
A80: =A79+1 -> 44322 | B80: 79 | C80: =VLOOKUP(A80, Daily!$A:$B, 2, 0) -> 64.73 | D80: 64.73 | E80: =D80 -> 64.73 | F80: =D80-D79 -> -0.9 | G80: =D80-$D$2 -> 3.64 | H80: =F80-F79 -> -0.81 | I80: =(D80/D79)*100 -> 98.628676 | J80: =(D80/$D$2)*100 -> 105.95842 | K80: =((D80/D79)-1)*100 -> -1.3713241 | L80: =((D80/$D$2)-1)*100 -> 5.958422 | N80: Максимум: около 200% (2022 год)
A81: =A80+1 -> 44323 | B81: 80 | C81: =VLOOKUP(A81, Daily!$A:$B, 2, 0) -> 64.96 | D81: 64.96 | E81: =D81 -> 64.96 | F81: =D81-D80 -> 0.23 | G81: =D81-$D$2 -> 3.87 | H81: =F81-F80 -> 1.13 | I81: =(D81/D80)*100 -> 100.35532 | J81: =(D81/$D$2)*100 -> 106.33492 | K81: =((D81/D80)-1)*100 -> 0.35532211 | L81: =((D81/$D$2)-1)*100 -> 6.3349157 | N81: Минимум: около 95% (март 2021)
A82: =A81+1 -> 44324 | B82: 81 | C82: =VLOOKUP(A82, Daily!$A:$B, 2, 0) -> #N/A | D82: 64.96 | E82: =D82 -> 64.96 | F82: =D82-D81 -> 0 | G82: =D82-$D$2 -> 3.87 | H82: =F82-F81 -> -0.23 | I82: =(D82/D81)*100 -> 100 | J82: =(D82/$D$2)*100 -> 106.33492 | K82: =((D82/D81)-1)*100 -> 0 | L82: =((D82/$D$2)-1)*100 -> 6.3349157 | N82: ОБЩАЯ ДИНАМИКА:
A83: =A82+1 -> 44325 | B83: 82 | C83: =VLOOKUP(A83, Daily!$A:$B, 2, 0) -> #N/A | D83: 64.92 | E83: =D83 -> 64.92 | F83: =D83-D82 -> -0.04 | G83: =D83-$D$2 -> 3.83 | H83: =F83-F82 -> -0.04 | I83: =(D83/D82)*100 -> 99.938424 | J83: =(D83/$D$2)*100 -> 106.26944 | K83: =((D83/D82)-1)*100 -> -0.061576355 | L83: =((D83/$D$2)-1)*100 -> 6.2694385 | N83: - 2021: рост до 130%
A84: =A83+1 -> 44326 | B84: 83 | C84: =VLOOKUP(A84, Daily!$A:$B, 2, 0) -> 64.92 | D84: 64.92 | E84: =D84 -> 64.92 | F84: =D84-D83 -> 0 | G84: =D84-$D$2 -> 3.83 | H84: =F84-F83 -> 0.04 | I84: =(D84/D83)*100 -> 100 | J84: =(D84/$D$2)*100 -> 106.26944 | K84: =((D84/D83)-1)*100 -> 0 | L84: =((D84/$D$2)-1)*100 -> 6.2694385 | N84: - 2022: взлёт до 200% (кризис)
A85: =A84+1 -> 44327 | B85: 84 | C85: =VLOOKUP(A85, Daily!$A:$B, 2, 0) -> 65.31 | D85: 65.31 | E85: =D85 -> 65.31 | F85: =D85-D84 -> 0.39 | G85: =D85-$D$2 -> 4.22 | H85: =F85-F84 -> 0.39 | I85: =(D85/D84)*100 -> 100.60074 | J85: =(D85/$D$2)*100 -> 106.90784 | K85: =((D85/D84)-1)*100 -> 0.60073937 | L85: =((D85/$D$2)-1)*100 -> 6.9078409 | N85: - 2023-2026: снижение до 100%
A86: =A85+1 -> 44328 | B86: 85 | C86: =VLOOKUP(A86, Daily!$A:$B, 2, 0) -> 65.96 | D86: 65.96 | E86: =D86 -> 65.96 | F86: =D86-D85 -> 0.65 | G86: =D86-$D$2 -> 4.87 | H86: =F86-F85 -> 0.26 | I86: =(D86/D85)*100 -> 100.99525 | J86: =(D86/$D$2)*100 -> 107.97184 | K86: =((D86/D85)-1)*100 -> 0.99525341 | L86: =((D86/$D$2)-1)*100 -> 7.9718448
A87: =A86+1 -> 44329 | B87: 86 | C87: =VLOOKUP(A87, Daily!$A:$B, 2, 0) -> 63.82 | D87: 63.82 | E87: =D87 -> 63.82 | F87: =D87-D86 -> -2.14 | G87: =D87-$D$2 -> 2.73 | H87: =F87-F86 -> -2.79 | I87: =(D87/D86)*100 -> 96.755609 | J87: =(D87/$D$2)*100 -> 104.46882 | K87: =((D87/D86)-1)*100 -> -3.2443905 | L87: =((D87/$D$2)-1)*100 -> 4.4688165 | N87: ВЫВОД: За весь период цена ПРАКТИЧЕСКИ ВЕРНУЛАСЬ к исходному уровню, пройдя через цикл роста-падения
A88: =A87+1 -> 44330 | B88: 87 | C88: =VLOOKUP(A88, Daily!$A:$B, 2, 0) -> 65.32 | D88: 65.32 | E88: =D88 -> 65.32 | F88: =D88-D87 -> 1.5 | G88: =D88-$D$2 -> 4.23 | H88: =F88-F87 -> 3.64 | I88: =(D88/D87)*100 -> 102.35036 | J88: =(D88/$D$2)*100 -> 106.92421 | K88: =((D88/D87)-1)*100 -> 2.3503604 | L88: =((D88/$D$2)-1)*100 -> 6.9242102
A89: =A88+1 -> 44331 | B89: 88 | C89: =VLOOKUP(A89, Daily!$A:$B, 2, 0) -> #N/A | D89: 65.32 | E89: =D89 -> 65.32 | F89: =D89-D88 -> 0 | G89: =D89-$D$2 -> 4.23 | H89: =F89-F88 -> -1.5 | I89: =(D89/D88)*100 -> 100 | J89: =(D89/$D$2)*100 -> 106.92421 | K89: =((D89/D88)-1)*100 -> 0 | L89: =((D89/$D$2)-1)*100 -> 6.9242102
A90: =A89+1 -> 44332 | B90: 89 | C90: =VLOOKUP(A90, Daily!$A:$B, 2, 0) -> #N/A | D90: 66.24 | E90: =D90 -> 66.24 | F90: =D90-D89 -> 0.92 | G90: =D90-$D$2 -> 5.15 | H90: =F90-F89 -> 0.92 | I90: =(D90/D89)*100 -> 101.40845 | J90: =(D90/$D$2)*100 -> 108.43018 | K90: =((D90/D89)-1)*100 -> 1.4084507 | L90: =((D90/$D$2)-1)*100 -> 8.430185
A91: =A90+1 -> 44333 | B91: 90 | C91: =VLOOKUP(A91, Daily!$A:$B, 2, 0) -> 66.24 | D91: 66.24 | E91: =D91 -> 66.24 | F91: =D91-D90 -> 0 | G91: =D91-$D$2 -> 5.15 | H91: =F91-F90 -> -0.92 | I91: =(D91/D90)*100 -> 100 | J91: =(D91/$D$2)*100 -> 108.43018 | K91: =((D91/D90)-1)*100 -> 0 | L91: =((D91/$D$2)-1)*100 -> 8.430185 | U91: Все p-значения КРАЙНЕ МАЛЫ (практически 0)
A92: =A91+1 -> 44334 | B92: 91 | C92: =VLOOKUP(A92, Daily!$A:$B, 2, 0) -> 65.49 | D92: 65.49 | E92: =D92 -> 65.49 | F92: =D92-D91 -> -0.75 | G92: =D92-$D$2 -> 4.4 | H92: =F92-F91 -> -0.75 | I92: =(D92/D91)*100 -> 98.867754 | J92: =(D92/$D$2)*100 -> 107.20249 | K92: =((D92/D91)-1)*100 -> -1.1322464 | L92: =((D92/$D$2)-1)*100 -> 7.2024881 | U92: ОТВЕРГАЕМ гипотезу о нормальности
A93: =A92+1 -> 44335 | B93: 92 | C93: =VLOOKUP(A93, Daily!$A:$B, 2, 0) -> 63.28 | D93: 63.28 | E93: =D93 -> 63.28 | F93: =D93-D92 -> -2.21 | G93: =D93-$D$2 -> 2.19 | H93: =F93-F92 -> -1.46 | I93: =(D93/D92)*100 -> 96.625439 | J93: =(D93/$D$2)*100 -> 103.58487 | K93: =((D93/D92)-1)*100 -> -3.374561 | L93: =((D93/$D$2)-1)*100 -> 3.5848748 | U93: Распределение НЕ ЯВЛЯЕТСЯ нормальным
A94: =A93+1 -> 44336 | B94: 93 | C94: =VLOOKUP(A94, Daily!$A:$B, 2, 0) -> 61.95 | D94: 61.95 | E94: =D94 -> 61.95 | F94: =D94-D93 -> -1.33 | G94: =D94-$D$2 -> 0.86 | H94: =F94-F93 -> 0.88 | I94: =(D94/D93)*100 -> 97.89823 | J94: =(D94/$D$2)*100 -> 101.40776 | K94: =((D94/D93)-1)*100 -> -2.1017699 | L94: =((D94/$D$2)-1)*100 -> 1.407759
A95: =A94+1 -> 44337 | B95: 94 | C95: =VLOOKUP(A95, Daily!$A:$B, 2, 0) -> 63.61 | D95: 63.61 | E95: =D95 -> 63.61 | F95: =D95-D94 -> 1.66 | G95: =D95-$D$2 -> 2.52 | H95: =F95-F94 -> 2.99 | I95: =(D95/D94)*100 -> 102.67958 | J95: =(D95/$D$2)*100 -> 104.12506 | K95: =((D95/D94)-1)*100 -> 2.6795803 | L95: =((D95/$D$2)-1)*100 -> 4.1250614
A96: =A95+1 -> 44338 | B96: 95 | C96: =VLOOKUP(A96, Daily!$A:$B, 2, 0) -> #N/A | D96: 63.61 | E96: =D96 -> 63.61 | F96: =D96-D95 -> 0 | G96: =D96-$D$2 -> 2.52 | H96: =F96-F95 -> -1.66 | I96: =(D96/D95)*100 -> 100 | J96: =(D96/$D$2)*100 -> 104.12506 | K96: =((D96/D95)-1)*100 -> 0 | L96: =((D96/$D$2)-1)*100 -> 4.1250614
A97: =A96+1 -> 44339 | B97: 96 | C97: =VLOOKUP(A97, Daily!$A:$B, 2, 0) -> #N/A | D97: 66.13 | E97: =D97 -> 66.13 | F97: =D97-D96 -> 2.52 | G97: =D97-$D$2 -> 5.04 | H97: =F97-F96 -> 2.52 | I97: =(D97/D96)*100 -> 103.96164 | J97: =(D97/$D$2)*100 -> 108.25012 | K97: =((D97/D96)-1)*100 -> 3.9616413 | L97: =((D97/$D$2)-1)*100 -> 8.2501228
A98: =A97+1 -> 44340 | B98: 97 | C98: =VLOOKUP(A98, Daily!$A:$B, 2, 0) -> 66.13 | D98: 66.13 | E98: =D98 -> 66.13 | F98: =D98-D97 -> 0 | G98: =D98-$D$2 -> 5.04 | H98: =F98-F97 -> -2.52 | I98: =(D98/D97)*100 -> 100 | J98: =(D98/$D$2)*100 -> 108.25012 | K98: =((D98/D97)-1)*100 -> 0 | L98: =((D98/$D$2)-1)*100 -> 8.2501228
A99: =A98+1 -> 44341 | B99: 98 | C99: =VLOOKUP(A99, Daily!$A:$B, 2, 0) -> 66.27 | D99: 66.27 | E99: =D99 -> 66.27 | F99: =D99-D98 -> 0.14 | G99: =D99-$D$2 -> 5.18 | H99: =F99-F98 -> 0.14 | I99: =(D99/D98)*100 -> 100.2117 | J99: =(D99/$D$2)*100 -> 108.47929 | K99: =((D99/D98)-1)*100 -> 0.21170422 | L99: =((D99/$D$2)-1)*100 -> 8.4792928
A100: =A99+1 -> 44342 | B100: 99 | C100: =VLOOKUP(A100, Daily!$A:$B, 2, 0) -> 66.41 | D100: 66.41 | E100: =D100 -> 66.41 | F100: =D100-D99 -> 0.14 | G100: =D100-$D$2 -> 5.32 | H100: =F100-F99 -> 0 | I100: =(D100/D99)*100 -> 100.21126 | J100: =(D100/$D$2)*100 -> 108.70846 | K100: =((D100/D99)-1)*100 -> 0.21125698 | L100: =((D100/$D$2)-1)*100 -> 8.7084629
A101: =A100+1 -> 44343 | B101: 100 | C101: =VLOOKUP(A101, Daily!$A:$B, 2, 0) -> 66.87 | D101: 66.87 | E101: =D101 -> 66.87 | F101: =D101-D100 -> 0.46 | G101: =D101-$D$2 -> 5.78 | H101: =F101-F100 -> 0.32 | I101: =(D101/D100)*100 -> 100.69267 | J101: =(D101/$D$2)*100 -> 109.46145 | K101: =((D101/D100)-1)*100 -> 0.69266677 | L101: =((D101/$D$2)-1)*100 -> 9.4614503
...

Sheet вероятностный анализ
A1: Диапазон цен | B1: Количество дней | C1: Вероятность (частота) | D1: Накопленная частота
A2: 58-60 | B2: =COUNTIFS('Кейс1-Исмаилова Нубар'!$D$2:$D$1828,">=58",'Кейс1-Исмаилова Нубар'!$D$2:$D$1828,"<60") -> 69 | C2: =B2/1827 -> 0.037766831 | D2: =C2 -> 0.037766831
A3: 60-62 | B3: =COUNTIFS('Кейс1-Исмаилова Нубар'!$D$2:$D$1828,">=60",'Кейс1-Исмаилова Нубар'!$D$2:$D$1828,"<62") -> 85 | C3: =B3/1827 -> 0.046524357 | D3: =D2+C3 -> 0.084291188
A4: 62-64 | B4: =COUNTIFS('Кейс1-Исмаилова Нубар'!$D$2:$D$1828,">=62",'Кейс1-Исмаилова Нубар'!$D$2:$D$1828,"<64") -> 101 | C4: =B4/1827 -> 0.055281883 | D4: =D3+C4 -> 0.13957307
A5: 64-66 | B5: =COUNTIFS('Кейс1-Исмаилова Нубар'!$D$2:$D$1828,">=64",'Кейс1-Исмаилова Нубар'!$D$2:$D$1828,"<66") -> 83 | C5: =B5/1827 -> 0.045429666 | D5: =D4+C5 -> 0.18500274
A6: 66-68 | B6: =COUNTIFS('Кейс1-Исмаилова Нубар'!$D$2:$D$1828,">=66",'Кейс1-Исмаилова Нубар'!$D$2:$D$1828,"<68") -> 80 | C6: =B6/1827 -> 0.04378763 | D6: =D5+C6 -> 0.22879037
A8: АНАЛИЗ ВЕРОЯТНОСТНОГО РАСПРЕДЕЛЕНИЯ:
A9: 1. Распределение цен нефти WTI за период | D9: 2. Наиболее вероятный диапазон цен: 62-64$
A10: (февраль-март 2021, 1827 дней): | D10: - Количество дней: 101
A11: 3. Наименее вероятный диапазон: 58-60$ | D11: - Вероятность: 5,53%
A12: - Количество дней: 69 | D12: - Это самый частый диапазон цен
A13: - Вероятность: 3,78% | D13: 4. Накопленная частота показывает:
A14: - Низкие цены встречались реже | D14: - 22,89% всех цен находятся в диапазоне 58-68$
A15: Вывод: цены распределены достаточно | D15: - Распределение относительно равномерное
A16: равномерно с небольшим преобладанием
A17: средних значений (62-64$)

Sheet коррелограмма
A35: ХАРАКТЕРИСТИКА АВТОКОРРЕЛЯЦИИ (ACF):
A37: Лаг 1: 0.9919 (очень высокая корреляция) | E37: ЧАСТИЧНАЯ АВТОКОРРЕЛЯЦИЯ (PACF): | H37: СТАТИСТИЧЕСКАЯ ЗНАЧИМОСТЬ:
A38: Лаг 20: 0.8931 (всё ещё высокая) | K38: ВЫВОДЫ:
E39: Резкий пик на лаге 1: 0.9919 (***) | H39: Все p-значения = 0.000 < 0.01
A40: Все 25 лагов статистически значимы (***) | E40: На лагах 2-20: значения близки к 0 | H40: Автокорреляция не случайна | K40: Ряд НЕСТАЦИОНАРЕН (требует дифференцирования)
A41: Медленное затухание = нестационарный ряд
A42: Цены сильно зависят от предыдущих значений
AC44: 0.85219983 | AD44: 1 | AE44: =100-2-AD44 -> 97 | AF44: =AC44/SQRT(1-AC44*AC44)*SQRT(AE44) -> 16.041535 | AG44: =_xlfn.T.INV.2T(0.05,AE44) -> 1.9847232 | AH44: =AG44*AG44 -> 3.9391261 | AI44: =SQRT(AH44/(AE44+AH44)) -> 0.19754688 | AJ44: =-AI44 -> -0.19754688
C45: 1 | D45: 2 | E45: 3 | F45: 4 | G45: 5 | H45: 6 | I45: 7 | J45: 8 | K45: 9 | L45: 10 | M45: 11 | N45: 12 | O45: 13 | P45: 14 | Q45: 15 | R45: 16 | S45: 17 | T45: 18 | U45: 19 | V45: 20 | W45: 21 | X45: 22 | Y45: 23 | Z45: 24 | AA45: 25 | AC45: 0.74863222 | AD45: 2 | AE45: =100-2-AD45 -> 96 | AF45: =AC45/SQRT(1-AC45*AC45)*SQRT(AE45) -> 11.063692 | AG45: =_xlfn.T.INV.2T(0.05,AE45) -> 1.9849843 | AH45: =AG45*AG45 -> 3.9401627 | AI45: =SQRT(AH45/(AE45+AH45)) -> 0.19855785 | AJ45: =-AI45 -> -0.19855785
C46: =CORREL($B$49:$B$147,C49:C147) -> 0.85219983 | D46: =CORREL($B$50:$B$147,D50:D147) -> 0.74863222 | E46: =CORREL($B$51:$B$147,E51:E147) -> 0.6202842 | F46: =CORREL($B$52:$B$147,F52:F147) -> 0.55003045 | G46: =CORREL($B$53:$B$147,G53:G147) -> 0.50561145 | H46: =CORREL($B$54:$B$147,H54:H147) -> 0.45035136 | I46: =CORREL($B$55:$B$147,I55:I147) -> 0.42465053 | J46: =CORREL($B$56:$B$147,J56:J147) -> 0.40661124 | K46: =CORREL($B$57:$B$147,K57:K147) -> 0.38079013 | L46: =CORREL($B$58:$B$147,L58:L147) -> 0.33296578 | M46: =CORREL($B$59:$B$147,M59:M147) -> 0.28606359 | N46: =CORREL($B$60:$B$147,N60:N147) -> 0.23528537 | O46: =CORREL($B$61:$B$147,O61:O147) -> 0.17128757 | P46: =CORREL($B$62:$B$147,P62:P147) -> 0.087449782 | Q46: =CORREL($B$63:$B$147,Q63:Q147) -> 0.084387068 | R46: =CORREL($B$64:$B$147,R64:R147) -> 0.088243822 | S46: =CORREL($B$65:$B$147,S65:S147) -> 0.095667402 | T46: =CORREL($B$66:$B$147,T66:T147) -> 0.071697398 | U46: =CORREL($B$67:$B$147,U67:U147) -> 0.013156482 | V46: =CORREL($B$68:$B$147,V68:V147) -> -0.048152946 | W46: =CORREL($B$69:$B$147,W69:W147) -> -0.087174549 | X46: =CORREL($B$70:$B$147,X70:X147) -> -0.15583066 | Y46: =CORREL($B$71:$B$147,Y71:Y147) -> -0.20739961 | Z46: =CORREL($B$72:$B$147,Z72:Z147) -> -0.27835223 | AA46: =CORREL($B$73:$B$147,AA73:AA147) -> -0.31211562 | AC46: 0.6202842 | AD46: 3 | AE46: =100-2-AD46 -> 95 | AF46: =AC46/SQRT(1-AC46*AC46)*SQRT(AE46) -> 7.7077495 | AG46: =_xlfn.T.INV.2T(0.05,AE46) -> 1.985251 | AH46: =AG46*AG46 -> 3.9412215 | AI46: =SQRT(AH46/(AE46+AH46)) -> 0.19958449 | AJ46: =-AI46 -> -0.19958449
A47: Период | B47: Цена_нефти | AC47: 0.55003045 | AD47: 4 | AE47: =100-2-AD47 -> 94 | AF47: =AC47/SQRT(1-AC47*AC47)*SQRT(AE47) -> 6.3854129 | AG47: =_xlfn.T.INV.2T(0.05,AE47) -> 1.9855234 | AH47: =AG47*AG47 -> 3.9423033 | AI47: =SQRT(AH47/(AE47+AH47)) -> 0.20062722 | AJ47: =-AI47 -> -0.20062722
A48: 44244 | B48: 61.09 | AC48: 0.50561145 | AD48: 5 | AE48: =100-2-AD48 -> 93 | AF48: =AC48/SQRT(1-AC48*AC48)*SQRT(AE48) -> 5.6515519 | AG48: =_xlfn.T.INV.2T(0.05,AE48) -> 1.9858018 | AH48: =AG48*AG48 -> 3.9434088 | AI48: =SQRT(AH48/(AE48+AH48)) -> 0.20168647 | AJ48: =-AI48 -> -0.20168647
A49: =A48+1 -> 44245 | B49: 60.4 | C49: 61.09 | AC49: 0.45035136 | AD49: 6 | AE49: =100-2-AD49 -> 92 | AF49: =AC49/SQRT(1-AC49*AC49)*SQRT(AE49) -> 4.8380037 | AG49: =_xlfn.T.INV.2T(0.05,AE49) -> 1.9860863 | AH49: =AG49*AG49 -> 3.9445389 | AI49: =SQRT(AH49/(AE49+AH49)) -> 0.20276266 | AJ49: =-AI49 -> -0.20276266
A50: =A49+1 -> 44246 | B50: 59.12 | C50: 60.4 | D50: 61.09 | AC50: 0.42465053 | AD50: 7 | AE50: =100-2-AD50 -> 91 | AF50: =AC50/SQRT(1-AC50*AC50)*SQRT(AE50) -> 4.4743746 | AG50: =_xlfn.T.INV.2T(0.05,AE50) -> 1.9863772 | AH50: =AG50*AG50 -> 3.9456942 | AI50: =SQRT(AH50/(AE50+AH50)) -> 0.20385627 | AJ50: =-AI50 -> -0.20385627
A51: =A50+1 -> 44247 | B51: 59.12 | C51: 59.12 | D51: 60.4 | E51: 61.09 | AC51: 0.40661124 | AD51: 8 | AE51: =100-2-AD51 -> 90 | AF51: =AC51/SQRT(1-AC51*AC51)*SQRT(AE51) -> 4.2222499 | AG51: =_xlfn.T.INV.2T(0.05,AE51) -> 1.9866745 | AH51: =AG51*AG51 -> 3.9468757 | AI51: =SQRT(AH51/(AE51+AH51)) -> 0.20496776 | AJ51: =-AI51 -> -0.20496776
A52: =A51+1 -> 44248 | B52: 61.67 | C52: 59.12 | D52: 59.12 | E52: 60.4 | F52: 61.09 | AC52: 0.38079013 | AD52: 9 | AE52: =100-2-AD52 -> 89 | AF52: =AC52/SQRT(1-AC52*AC52)*SQRT(AE52) -> 3.8850617 | AG52: =_xlfn.T.INV.2T(0.05,AE52) -> 1.9869787 | AH52: =AG52*AG52 -> 3.9480844 | AI52: =SQRT(AH52/(AE52+AH52)) -> 0.20609763 | AJ52: =-AI52 -> -0.20609763
A53: =A52+1 -> 44249 | B53: 61.67 | C53: 61.67 | D53: 59.12 | E53: 59.12 | F53: 60.4 | G53: 61.09 | AC53: 0.33296578 | AD53: 10 | AE53: =100-2-AD53 -> 88 | AF53: =AC53/SQRT(1-AC53*AC53)*SQRT(AE53) -> 3.3125114 | AG53: =_xlfn.T.INV.2T(0.05,AE53) -> 1.9872899 | AH53: =AG53*AG53 -> 3.949321 | AI53: =SQRT(AH53/(AE53+AH53)) -> 0.20724638 | AJ53: =-AI53 -> -0.20724638
A54: =A53+1 -> 44250 | B54: 61.66 | C54: 61.67 | D54: 61.67 | E54: 59.12 | F54: 59.12 | G54: 60.4 | H54: 61.09 | AC54: 0.28606359 | AD54: 11 | AE54: =100-2-AD54 -> 87 | AF54: =AC54/SQRT(1-AC54*AC54)*SQRT(AE54) -> 2.7845898 | AG54: =_xlfn.T.INV.2T(0.05,AE54) -> 1.9876083 | AH54: =AG54*AG54 -> 3.9505867 | AI54: =SQRT(AH54/(AE54+AH54)) -> 0.20841455 | AJ54: =-AI54 -> -0.20841455
A55: =A54+1 -> 44251 | B55: 63.21 | C55: 61.66 | D55: 61.67 | E55: 61.67 | F55: 59.12 | G55: 59.12 | H55: 60.4 | I55: 61.09 | AC55: 0.23528537 | AD55: 12 | AE55: =100-2-AD55 -> 86 | AF55: =AC55/SQRT(1-AC55*AC55)*SQRT(AE55) -> 2.2449713 | AG55: =_xlfn.T.INV.2T(0.05,AE55) -> 1.9879342 | AH55: =AG55*AG55 -> 3.9518824 | AI55: =SQRT(AH55/(AE55+AH55)) -> 0.2096027 | AJ55: =-AI55 -> -0.2096027
A56: =A55+1 -> 44252 | B56: 63.43 | C56: 63.21 | D56: 61.66 | E56: 61.67 | F56: 61.67 | G56: 59.12 | H56: 59.12 | I56: 60.4 | J56: 61.09 | AC56: 0.17128757 | AD56: 13 | AE56: =100-2-AD56 -> 85 | AF56: =AC56/SQRT(1-AC56*AC56)*SQRT(AE56) -> 1.6028823 | AG56: =_xlfn.T.INV.2T(0.05,AE56) -> 1.9882679 | AH56: =AG56*AG56 -> 3.9532093 | AI56: =SQRT(AH56/(AE56+AH56)) -> 0.2108114 | AJ56: =-AI56 -> -0.2108114
A57: =A56+1 -> 44253 | B57: 61.55 | C57: 63.43 | D57: 63.21 | E57: 61.66 | F57: 61.67 | G57: 61.67 | H57: 59.12 | I57: 59.12 | J57: 60.4 | K57: 61.09 | AC57: 0.087449782 | AD57: 14 | AE57: =100-2-AD57 -> 84 | AF57: =AC57/SQRT(1-AC57*AC57)*SQRT(AE57) -> 0.80457287 | AG57: =_xlfn.T.INV.2T(0.05,AE57) -> 1.9886097 | AH57: =AG57*AG57 -> 3.9545684 | AI57: =SQRT(AH57/(AE57+AH57)) -> 0.21204124 | AJ57: =-AI57 -> -0.21204124
A58: =A57+1 -> 44254 | B58: 61.55 | C58: 61.55 | D58: 63.43 | E58: 63.21 | F58: 61.66 | G58: 61.67 | H58: 61.67 | I58: 59.12 | J58: 59.12 | K58: 60.4 | L58: 61.09 | AC58: 0.084387068 | AD58: 15 | AE58: =100-2-AD58 -> 83 | AF58: =AC58/SQRT(1-AC58*AC58)*SQRT(AE58) -> 0.77155487 | AG58: =_xlfn.T.INV.2T(0.05,AE58) -> 1.9889598 | AH58: =AG58*AG58 -> 3.955961 | AI58: =SQRT(AH58/(AE58+AH58)) -> 0.21329286 | AJ58: =-AI58 -> -0.21329286
A59: =A58+1 -> 44255 | B59: 60.54 | C59: 61.55 | D59: 61.55 | E59: 63.43 | F59: 63.21 | G59: 61.66 | H59: 61.67 | I59: 61.67 | J59: 59.12 | K59: 59.12 | L59: 60.4 | M59: 61.09 | AC59: 0.088243822 | AD59: 16 | AE59: =100-2-AD59 -> 82 | AF59: =AC59/SQRT(1-AC59*AC59)*SQRT(AE59) -> 0.8022113 | AG59: =_xlfn.T.INV.2T(0.05,AE59) -> 1.9893186 | AH59: =AG59*AG59 -> 3.9573883 | AI59: =SQRT(AH59/(AE59+AH59)) -> 0.2145669 | AJ59: =-AI59 -> -0.2145669
A60: =A59+1 -> 44256 | B60: 60.54 | C60: 60.54 | D60: 61.55 | E60: 61.55 | F60: 63.43 | G60: 63.21 | H60: 61.66 | I60: 61.67 | J60: 61.67 | K60: 59.12 | L60: 59.12 | M60: 60.4 | N60: 61.09 | AC60: 0.095667402 | AD60: 17 | AE60: =100-2-AD60 -> 81 | AF60: =AC60/SQRT(1-AC60*AC60)*SQRT(AE60) -> 0.86497395 | AG60: =_xlfn.T.INV.2T(0.05,AE60) -> 1.9896863 | AH60: =AG60*AG60 -> 3.9588517 | AI60: =SQRT(AH60/(AE60+AH60)) -> 0.21586404 | AJ60: =-AI60 -> -0.21586404
A61: =A60+1 -> 44257 | B61: 59.7 | C61: 60.54 | D61: 60.54 | E61: 61.55 | F61: 61.55 | G61: 63.43 | H61: 63.21 | I61: 61.66 | J61: 61.67 | K61: 61.67 | L61: 59.12 | M61: 59.12 | N61: 60.4 | O61: 61.09 | AC61: 0.071697398 | AD61: 18 | AE61: =100-2-AD61 -> 80 | AF61: =AC61/SQRT(1-AC61*AC61)*SQRT(AE61) -> 0.64293567 | AG61: =_xlfn.T.INV.2T(0.05,AE61) -> 1.9900634 | AH61: =AG61*AG61 -> 3.9603524 | AI61: =SQRT(AH61/(AE61+AH61)) -> 0.21718498 | AJ61: =-AI61 -> -0.21718498
A62: =A61+1 -> 44258 | B62: 61.33 | C62: 59.7 | D62: 60.54 | E62: 60.54 | F62: 61.55 | G62: 61.55 | H62: 63.43 | I62: 63.21 | J62: 61.66 | K62: 61.67 | L62: 61.67 | M62: 59.12 | N62: 59.12 | O62: 60.4 | P62: 61.09 | AC62: 0.013156482 | AD62: 19 | AE62: =100-2-AD62 -> 79 | AF62: =AC62/SQRT(1-AC62*AC62)*SQRT(AE62) -> 0.1169475 | AG62: =_xlfn.T.INV.2T(0.05,AE62) -> 1.9904502 | AH62: =AG62*AG62 -> 3.961892 | AI62: =SQRT(AH62/(AE62+AH62)) -> 0.21853047 | AJ62: =-AI62 -> -0.21853047
A63: =A62+1 -> 44259 | B63: 63.81 | C63: 61.33 | D63: 59.7 | E63: 60.54 | F63: 60.54 | G63: 61.55 | H63: 61.55 | I63: 63.43 | J63: 63.21 | K63: 61.66 | L63: 61.67 | M63: 61.67 | N63: 59.12 | O63: 59.12 | P63: 60.4 | Q63: 61.09 | AC63: -0.048152946 | AD63: 20 | AE63: =100-2-AD63 -> 78 | AF63: =AC63/SQRT(1-AC63*AC63)*SQRT(AE63) -> -0.42576921 | AG63: =_xlfn.T.INV.2T(0.05,AE63) -> 1.9908471 | AH63: =AG63*AG63 -> 3.9634721 | AI63: =SQRT(AH63/(AE63+AH63)) -> 0.21990126 | AJ63: =-AI63 -> -0.21990126
A64: =A63+1 -> 44260 | B64: 66.08 | C64: 63.81 | D64: 61.33 | E64: 59.7 | F64: 60.54 | G64: 60.54 | H64: 61.55 | I64: 61.55 | J64: 63.43 | K64: 63.21 | L64: 61.66 | M64: 61.67 | N64: 61.67 | O64: 59.12 | P64: 59.12 | Q64: 60.4 | R64: 61.09 | AC64: -0.087174549 | AD64: 21 | AE64: =100-2-AD64 -> 77 | AF64: =AC64/SQRT(1-AC64*AC64)*SQRT(AE64) -> -0.76787683 | AG64: =_xlfn.T.INV.2T(0.05,AE64) -> 1.9912544 | AH64: =AG64*AG64 -> 3.9650941 | AI64: =SQRT(AH64/(AE64+AH64)) -> 0.22129818 | AJ64: =-AI64 -> -0.22129818
A65: =A64+1 -> 44261 | B65: 66.08 | C65: 66.08 | D65: 63.81 | E65: 61.33 | F65: 59.7 | G65: 60.54 | H65: 60.54 | I65: 61.55 | J65: 61.55 | K65: 63.43 | L65: 63.21 | M65: 61.66 | N65: 61.67 | O65: 61.67 | P65: 59.12 | Q65: 59.12 | R65: 60.4 | S65: 61.09 | AC65: -0.15583066 | AD65: 22 | AE65: =100-2-AD65 -> 76 | AF65: =AC65/SQRT(1-AC65*AC65)*SQRT(AE65) -> -1.3753011 | AG65: =_xlfn.T.INV.2T(0.05,AE65) -> 1.9916726 | AH65: =AG65*AG65 -> 3.9667598 | AI65: =SQRT(AH65/(AE65+AH65)) -> 0.22272204 | AJ65: =-AI65 -> -0.22272204
A66: =A65+1 -> 44262 | B66: 65.03 | C66: 66.08 | D66: 66.08 | E66: 63.81 | F66: 61.33 | G66: 59.7 | H66: 60.54 | I66: 60.54 | J66: 61.55 | K66: 61.55 | L66: 63.43 | M66: 63.21 | N66: 61.66 | O66: 61.67 | P66: 61.67 | Q66: 59.12 | R66: 59.12 | S66: 60.4 | T66: 61.09 | AC66: -0.20739961 | AD66: 23 | AE66: =100-2-AD66 -> 75 | AF66: =AC66/SQRT(1-AC66*AC66)*SQRT(AE66) -> -1.836056 | AG66: =_xlfn.T.INV.2T(0.05,AE66) -> 1.9921022 | AH66: =AG66*AG66 -> 3.968471 | AI66: =SQRT(AH66/(AE66+AH66)) -> 0.22417374 | AJ66: =-AI66 -> -0.22417374
A67: =A66+1 -> 44263 | B67: 65.03 | C67: 65.03 | D67: 66.08 | E67: 66.08 | F67: 63.81 | G67: 61.33 | H67: 59.7 | I67: 60.54 | J67: 60.54 | K67: 61.55 | L67: 61.55 | M67: 63.43 | N67: 63.21 | O67: 61.66 | P67: 61.67 | Q67: 61.67 | R67: 59.12 | S67: 59.12 | T67: 60.4 | U67: 61.09 | AC67: -0.27835223 | AD67: 24 | AE67: =100-2-AD67 -> 74 | AF67: =AC67/SQRT(1-AC67*AC67)*SQRT(AE67) -> -2.4930022 | AG67: =_xlfn.T.INV.2T(0.05,AE67) -> 1.9925435 | AH67: =AG67*AG67 -> 3.9702296 | AI67: =SQRT(AH67/(AE67+AH67)) -> 0.22565419 | AJ67: =-AI67 -> -0.22565419
A68: =A67+1 -> 44264 | B68: 64.02 | C68: 65.03 | D68: 65.03 | E68: 66.08 | F68: 66.08 | G68: 63.81 | H68: 61.33 | I68: 59.7 | J68: 60.54 | K68: 60.54 | L68: 61.55 | M68: 61.55 | N68: 63.43 | O68: 63.21 | P68: 61.66 | Q68: 61.67 | R68: 61.67 | S68: 59.12 | T68: 59.12 | U68: 60.4 | V68: 61.09 | AC68: -0.31211562 | AD68: 25 | AE68: =100-2-AD68 -> 73 | AF68: =AC68/SQRT(1-AC68*AC68)*SQRT(AE68) -> -2.8069402 | AG68: =_xlfn.T.INV.2T(0.05,AE68) -> 1.9929971 | AH68: =AG68*AG68 -> 3.9720375 | AI68: =SQRT(AH68/(AE68+AH68)) -> 0.22716435 | AJ68: =-AI68 -> -0.22716435
A69: =A68+1 -> 44265 | B69: 64.45 | C69: 64.02 | D69: 65.03 | E69: 65.03 | F69: 66.08 | G69: 66.08 | H69: 63.81 | I69: 61.33 | J69: 59.7 | K69: 60.54 | L69: 60.54 | M69: 61.55 | N69: 61.55 | O69: 63.43 | P69: 63.21 | Q69: 61.66 | R69: 61.67 | S69: 61.67 | T69: 59.12 | U69: 59.12 | V69: 60.4 | W69: 61.09
A70: =A69+1 -> 44266 | B70: 66.02 | C70: 64.45 | D70: 64.02 | E70: 65.03 | F70: 65.03 | G70: 66.08 | H70: 66.08 | I70: 63.81 | J70: 61.33 | K70: 59.7 | L70: 60.54 | M70: 60.54 | N70: 61.55 | O70: 61.55 | P70: 63.43 | Q70: 63.21 | R70: 61.66 | S70: 61.67 | T70: 61.67 | U70: 59.12 | V70: 59.12 | W70: 60.4 | X70: 61.09
A71: =A70+1 -> 44267 | B71: 65.59 | C71: 66.02 | D71: 64.45 | E71: 64.02 | F71: 65.03 | G71: 65.03 | H71: 66.08 | I71: 66.08 | J71: 63.81 | K71: 61.33 | L71: 59.7 | M71: 60.54 | N71: 60.54 | O71: 61.55 | P71: 61.55 | Q71: 63.43 | R71: 63.21 | S71: 61.66 | T71: 61.67 | U71: 61.67 | V71: 59.12 | W71: 59.12 | X71: 60.4 | Y71: 61.09
A72: =A71+1 -> 44268 | B72: 65.59 | C72: 65.59 | D72: 66.02 | E72: 64.45 | F72: 64.02 | G72: 65.03 | H72: 65.03 | I72: 66.08 | J72: 66.08 | K72: 63.81 | L72: 61.33 | M72: 59.7 | N72: 60.54 | O72: 60.54 | P72: 61.55 | Q72: 61.55 | R72: 63.43 | S72: 63.21 | T72: 61.66 | U72: 61.67 | V72: 61.67 | W72: 59.12 | X72: 59.12 | Y72: 60.4 | Z72: 61.09
A73: =A72+1 -> 44269 | B73: 65.36 | C73: 65.59 | D73: 65.59 | E73: 66.02 | F73: 64.45 | G73: 64.02 | H73: 65.03 | I73: 65.03 | J73: 66.08 | K73: 66.08 | L73: 63.81 | M73: 61.33 | N73: 59.7 | O73: 60.54 | P73: 60.54 | Q73: 61.55 | R73: 61.55 | S73: 63.43 | T73: 63.21 | U73: 61.66 | V73: 61.67 | W73: 61.67 | X73: 59.12 | Y73: 59.12 | Z73: 60.4 | AA73: 61.09
A74: =A73+1 -> 44270 | B74: 65.36 | C74: 65.36 | D74: 65.59 | E74: 65.59 | F74: 66.02 | G74: 64.45 | H74: 64.02 | I74: 65.03 | J74: 65.03 | K74: 66.08 | L74: 66.08 | M74: 63.81 | N74: 61.33 | O74: 59.7 | P74: 60.54 | Q74: 60.54 | R74: 61.55 | S74: 61.55 | T74: 63.43 | U74: 63.21 | V74: 61.66 | W74: 61.67 | X74: 61.67 | Y74: 59.12 | Z74: 59.12 | AA74: 60.4
A75: =A74+1 -> 44271 | B75: 64.82 | C75: 65.36 | D75: 65.36 | E75: 65.59 | F75: 65.59 | G75: 66.02 | H75: 64.45 | I75: 64.02 | J75: 65.03 | K75: 65.03 | L75: 66.08 | M75: 66.08 | N75: 63.81 | O75: 61.33 | P75: 59.7 | Q75: 60.54 | R75: 60.54 | S75: 61.55 | T75: 61.55 | U75: 63.43 | V75: 63.21 | W75: 61.66 | X75: 61.67 | Y75: 61.67 | Z75: 59.12 | AA75: 59.12
A76: =A75+1 -> 44272 | B76: 64.55 | C76: 64.82 | D76: 65.36 | E76: 65.36 | F76: 65.59 | G76: 65.59 | H76: 66.02 | I76: 64.45 | J76: 64.02 | K76: 65.03 | L76: 65.03 | M76: 66.08 | N76: 66.08 | O76: 63.81 | P76: 61.33 | Q76: 59.7 | R76: 60.54 | S76: 60.54 | T76: 61.55 | U76: 61.55 | V76: 63.43 | W76: 63.21 | X76: 61.66 | Y76: 61.67 | Z76: 61.67 | AA76: 59.12
A77: =A76+1 -> 44273 | B77: 59.95 | C77: 64.55 | D77: 64.82 | E77: 65.36 | F77: 65.36 | G77: 65.59 | H77: 65.59 | I77: 66.02 | J77: 64.45 | K77: 64.02 | L77: 65.03 | M77: 65.03 | N77: 66.08 | O77: 66.08 | P77: 63.81 | Q77: 61.33 | R77: 59.7 | S77: 60.54 | T77: 60.54 | U77: 61.55 | V77: 61.55 | W77: 63.43 | X77: 63.21 | Y77: 61.66 | Z77: 61.67 | AA77: 61.67
A78: =A77+1 -> 44274 | B78: 61.43 | C78: 59.95 | D78: 64.55 | E78: 64.82 | F78: 65.36 | G78: 65.36 | H78: 65.59 | I78: 65.59 | J78: 66.02 | K78: 64.45 | L78: 64.02 | M78: 65.03 | N78: 65.03 | O78: 66.08 | P78: 66.08 | Q78: 63.81 | R78: 61.33 | S78: 59.7 | T78: 60.54 | U78: 60.54 | V78: 61.55 | W78: 61.55 | X78: 63.43 | Y78: 63.21 | Z78: 61.66 | AA78: 61.67
A79: =A78+1 -> 44275 | B79: 61.43 | C79: 61.43 | D79: 59.95 | E79: 64.55 | F79: 64.82 | G79: 65.36 | H79: 65.36 | I79: 65.59 | J79: 65.59 | K79: 66.02 | L79: 64.45 | M79: 64.02 | N79: 65.03 | O79: 65.03 | P79: 66.08 | Q79: 66.08 | R79: 63.81 | S79: 61.33 | T79: 59.7 | U79: 60.54 | V79: 60.54 | W79: 61.55 | X79: 61.55 | Y79: 63.43 | Z79: 63.21 | AA79: 61.66
A80: =A79+1 -> 44276 | B80: 61.48 | C80: 61.43 | D80: 61.43 | E80: 59.95 | F80: 64.55 | G80: 64.82 | H80: 65.36 | I80: 65.36 | J80: 65.59 | K80: 65.59 | L80: 66.02 | M80: 64.45 | N80: 64.02 | O80: 65.03 | P80: 65.03 | Q80: 66.08 | R80: 66.08 | S80: 63.81 | T80: 61.33 | U80: 59.7 | V80: 60.54 | W80: 60.54 | X80: 61.55 | Y80: 61.55 | Z80: 63.43 | AA80: 63.21
A81: =A80+1 -> 44277 | B81: 61.48 | C81: 61.48 | D81: 61.43 | E81: 61.43 | F81: 59.95 | G81: 64.55 | H81: 64.82 | I81: 65.36 | J81: 65.36 | K81: 65.59 | L81: 65.59 | M81: 66.02 | N81: 64.45 | O81: 64.02 | P81: 65.03 | Q81: 65.03 | R81: 66.08 | S81: 66.08 | T81: 63.81 | U81: 61.33 | V81: 59.7 | W81: 60.54 | X81: 60.54 | Y81: 61.55 | Z81: 61.55 | AA81: 63.43
A82: =A81+1 -> 44278 | B82: 57.75 | C82: 61.48 | D82: 61.48 | E82: 61.43 | F82: 61.43 | G82: 59.95 | H82: 64.55 | I82: 64.82 | J82: 65.36 | K82: 65.36 | L82: 65.59 | M82: 65.59 | N82: 66.02 | O82: 64.45 | P82: 64.02 | Q82: 65.03 | R82: 65.03 | S82: 66.08 | T82: 66.08 | U82: 63.81 | V82: 61.33 | W82: 59.7 | X82: 60.54 | Y82: 60.54 | Z82: 61.55 | AA82: 61.55
A83: =A82+1 -> 44279 | B83: 61.12 | C83: 57.75 | D83: 61.48 | E83: 61.48 | F83: 61.43 | G83: 61.43 | H83: 59.95 | I83: 64.55 | J83: 64.82 | K83: 65.36 | L83: 65.36 | M83: 65.59 | N83: 65.59 | O83: 66.02 | P83: 64.45 | Q83: 64.02 | R83: 65.03 | S83: 65.03 | T83: 66.08 | U83: 66.08 | V83: 63.81 | W83: 61.33 | X83: 59.7 | Y83: 60.54 | Z83: 60.54 | AA83: 61.55
A84: =A83+1 -> 44280 | B84: 58.47 | C84: 61.12 | D84: 57.75 | E84: 61.48 | F84: 61.48 | G84: 61.43 | H84: 61.43 | I84: 59.95 | J84: 64.55 | K84: 64.82 | L84: 65.36 | M84: 65.36 | N84: 65.59 | O84: 65.59 | P84: 66.02 | Q84: 64.45 | R84: 64.02 | S84: 65.03 | T84: 65.03 | U84: 66.08 | V84: 66.08 | W84: 63.81 | X84: 61.33 | Y84: 59.7 | Z84: 60.54 | AA84: 60.54
... A147: =A146+1 -> 44343 | B147: 66.87 | C147: 66.41 | D147: 66.27 | E147: 66.13 | F147: 66.13 | G147: 63.61 | H147: 63.61 | I147: 61.95 | J147: 63.28 | K147: 65.49 | L147: 66.24 | M147: 66.24 | N147: 65.32 | O147: 65.32 | P147: 63.82 | Q147: 65.96 | R147: 65.31 | S147: 64.92 | T147: 64.92 | U147: 64.96 | V147: 64.96 | W147: 64.73 | X147: 65.63 | Y147: 65.72 | Z147: 64.46 | AA147: 64.46
C148: 66.87 | D148: 66.41 | E148: 66.27 | F148: 66.13 | G148: 66.13 | H148: 63.61 | I148: 63.61 | J148: 61.95 | K148: 63.28 | L148: 65.49 | M148: 66.24 | N148: 66.24 | O148: 65.32 | P148: 65.32 | Q148: 63.82 | R148: 65.96 | S148: 65.31 | T148: 64.92 | U148: 64.92 | V148: 64.96 | W148: 64.96 | X148: 64.73 | Y148: 65.63 | Z148: 65.72 | AA148: 64.46
D149: 66.87 | E149: 66.41 | F149: 66.27 | G149: 66.13 | H149: 66.13 | I149: 63.61 | J149: 63.61 | K149: 61.95 | L149: 63.28 | M149: 65.49 | N149: 66.24 | O149: 66.24 | P149: 65.32 | Q149: 65.32 | R149: 63.82 | S149: 65.96 | T149: 65.31 | U149: 64.92 | V149: 64.92 | W149: 64.96 | X149: 64.96 | Y149: 64.73 | Z149: 65.63 | AA149: 65.72
E150: 66.87 | F150: 66.41 | G150: 66.27 | H150: 66.13 | I150: 66.13 | J150: 63.61 | K150: 63.61 | L150: 61.95 | M150: 63.28 | N150: 65.49 | O150: 66.24 | P150: 66.24 | Q150: 65.32 | R150: 65.32 | S150: 63.82 | T150: 65.96 | U150: 65.31 | V150: 64.92 | W150: 64.92 | X150: 64.96 | Y150: 64.96 | Z150: 64.73 | AA150: 65.63
F151: 66.87 | G151: 66.41 | H151: 66.27 | I151: 66.13 | J151: 66.13 | K151: 63.61 | L151: 63.61 | M151: 61.95 | N151: 63.28 | O151: 65.49 | P151: 66.24 | Q151: 66.24 | R151: 65.32 | S151: 65.32 | T151: 63.82 | U151: 65.96 | V151: 65.31 | W151: 64.92 | X151: 64.92 | Y151: 64.96 | Z151: 64.96 | AA151: 64.73
G152: 66.87 | H152: 66.41 | I152: 66.27 | J152: 66.13 | K152: 66.13 | L152: 63.61 | M152: 63.61 | N152: 61.95 | O152: 63.28 | P152: 65.49 | Q152: 66.24 | R152: 66.24 | S152: 65.32 | T152: 65.32 | U152: 63.82 | V152: 65.96 | W152: 65.31 | X152: 64.92 | Y152: 64.92 | Z152: 64.96 | AA152: 64.96
H153: 66.87 | I153: 66.41 | J153: 66.27 | K153: 66.13 | L153: 66.13 | M153: 63.61 | N153: 63.61 | O153: 61.95 | P153: 63.28 | Q153: 65.49 | R153: 66.24 | S153: 66.24 | T153: 65.32 | U153: 65.32 | V153: 63.82 | W153: 65.96 | X153: 65.31 | Y153: 64.92 | Z153: 64.92 | AA153: 64.96
I154: 66.87 | J154: 66.41 | K154: 66.27 | L154: 66.13 | M154: 66.13 | N154: 63.61 | O154: 63.61 | P154: 61.95 | Q154: 63.28 | R154: 65.49 | S154: 66.24 | T154: 66.24 | U154: 65.32 | V154: 65.32 | W154: 63.82 | X154: 65.96 | Y154: 65.31 | Z154: 64.92 | AA154: 64.92
J155: 66.87 | K155: 66.41 | L155: 66.27 | M155: 66.13 | N155: 66.13 | O155: 63.61 | P155: 63.61 | Q155: 61.95 | R155: 63.28 | S155: 65.49 | T155: 66.24 | U155: 66.24 | V155: 65.32 | W155: 65.32 | X155: 63.82 | Y155: 65.96 | Z155: 65.31 | AA155: 64.92
K156: 66.87 | L156: 66.41 | M156: 66.27 | N156: 66.13 | O156: 66.13 | P156: 63.61 | Q156: 63.61 | R156: 61.95 | S156: 63.28 | T156: 65.49 | U156: 66.24 | V156: 66.24 | W156: 65.32 | X156: 65.32 | Y156: 63.82 | Z156: 65.96 | AA156: 65.31
L157: 66.87 | M157: 66.41 | N157: 66.27 | O157: 66.13 | P157: 66.13 | Q157: 63.61 | R157: 63.61 | S157: 61.95 | T157: 63.28 | U157: 65.49 | V157: 66.24 | W157: 66.24 | X157: 65.32 | Y157: 65.32 | Z157: 63.82 | AA157: 65.96
M158: 66.87 | N158: 66.41 | O158: 66.27 | P158: 66.13 | Q158: 66.13 | R158: 63.61 | S158: 63.61 | T158: 61.95 | U158: 63.28 | V158: 65.49 | W158: 66.24 | X158: 66.24 | Y158: 65.32 | Z158: 65.32 | AA158: 63.82
N159: 66.87 | O159: 66.41 | P159: 66.27 | Q159: 66.13 | R159: 66.13 | S159: 63.61 | T159: 63.61 | U159: 61.95 | V159: 63.28 | W159: 65.49 | X159: 66.24 | Y159: 66.24 | Z159: 65.32 | AA159: 65.32
O160: 66.87 | P160: 66.41 | Q160: 66.27 | R160: 66.13 | S160: 66.13 | T160: 63.61 | U160: 63.61 | V160: 61.95 | W160: 63.28 | X160: 65.49 | Y160: 66.24 | Z160: 66.24 | AA160: 65.32
P161: 66.87 | Q161: 66.41 | R161: 66.27 | S161: 66.13 | T161: 66.13 | U161: 63.61 | V161: 63.61 | W161: 61.95 | X161: 63.28 | Y161: 65.49 | Z161: 66.24 | AA161: 66.24
Q162: 66.87 | R162: 66.41 | S162: 66.27 | T162: 66.13 | U162: 66.13 | V162: 63.61 | W162: 63.61 | X162: 61.95 | Y162: 63.28 | Z162: 65.49 | AA162: 66.24
R163: 66.87 | S163: 66.41 | T163: 66.27 | U163: 66.13 | V163: 66.13 | W163: 63.61 | X163: 63.61 | Y163: 61.95 | Z163: 63.28 | AA163: 65.49
S164: 66.87 | T164: 66.41 | U164: 66.27 | V164: 66.13 | W164: 66.13 | X164: 63.61 | Y164: 63.61 | Z164: 61.95 | AA164: 63.28
T165: 66.87 | U165: 66.41 | V165: 66.27 | W165: 66.13 | X165: 66.13 | Y165: 63.61 | Z165: 63.61 | AA165: 61.95
U166: 66.87 | V166: 66.41 | W166: 66.27 | X166: 66.13 | Y166: 66.13 | Z166: 63.61 | AA166: 63.61
V167: 66.87 | W167: 66.41 | X167: 66.27 | Y167: 66.13 | Z167: 66.13 | AA167: 63.61
W168: 66.87 | X168: 66.41 | Y168: 66.27 | Z168: 66.13 | AA168: 66.13
X169: 66.87 | Y169: 66.41 | Z169: 66.27 | AA169: 66.13
Y170: 66.87 | Z170: 66.41 | AA170: 66.27
Z171: 66.87 | AA171: 66.41
AA172: 66.87

Sheet фильтрация
B1: таймер | D1: 3-точ скользящая | E1: 5-точ скользящая | F1: модель исх | G1: остатки | H1: e (t) - e(t-1) | I1: нижняя | J1: верхняя | K1: модель 3точ | L1: нижняя | M1: верхняя | N1: Экспоненц сглаживание | O1: 4-точечная | P1: 4-точечная_центрированная | Q1: модель | R1: нижняя | S1: верхняя
A2: 44244 | B2: 1 | C2: 61.09 | F2: =$V$3+$U$3*B2 -> 85.569446 | G2: =C2-F2 -> -24.479446 | I2: 85.569446 | J2: 85.569446 | N2: =C3 -> 60.4 | U2: исх модель | X2: 3-точ | AA2: 5-точ | AD2: 4-точ
A3: =A2+1 -> 44245 | B3: 2 | C3: 60.4 | D3: =AVERAGE(C2:C4) -> 60.203333 | F3: =$V$3+$U$3*B3 -> 85.559724 | G3: =C3-F3 -> -25.159724 | H3: =G3-G2 -> -0.68027803 | I3: 85.559724 | J3: 85.559724 | K3: =$Y$3+$X$3*B3 -> 85.608088 | L3: 85.608088 | M3: 85.608088 | N3: =0.3*C4 + 0.7*N2 -> 60.016 | U3: {=LINEST(C2:C1828,B2:B1828,1,1)} -> -0.0097219673 | V3: 85.579168 | X3: {=LINEST(D3:D1827,B3:B1827,1,1)} -> -0.009756976 | Y3: 85.627602 | AA3: {=LINEST(E4:E1826,B4:B1826,1,1)} -> -0.0097943839 | AB3: 85.678832 | AD3: {=LINEST(P4:P1826,B4:B1826,1,1)} -> -0.0097939876 | AE3: 85.678392
A4: =A3+1 -> 44246 | B4: 3 | C4: 59.12 | D4: =AVERAGE(C3:C5) -> 59.546667 | E4: =AVERAGE(C2:C6) -> 60.28 | F4: =$V$3+$U$3*B4 -> 85.550002 | G4: =C4-F4 -> -26.430002 | H4: =G4-G3 -> -1.270278 | I4: 85.550002 | J4: 85.550002 | K4: =$Y$3+$X$3*B4 -> 85.598331 | L4: 85.598331 | M4: 85.598331 | N4: =0.3*C5 + 0.7*N3 -> 59.7472 | O4: =AVERAGE(C2:C5) -> 59.9325 | P4: =AVERAGE(O4:O5) -> 60.005 | Q4: =$AE$3+$AD$3*B4 -> 85.64901 | R4: 85.64901 | S4: 85.64901 | U4: 0.0005215068 | V4: 0.55032106 | X4: 0.0005199454 | Y4: 0.54852343 | AA4: 0.00051872987 | AB4: 0.54709158 | AD4: 0.00051925526 | AE4: 0.5476457
A5: =A4+1 -> 44247 | B5: 4 | C5: 59.12 | D5: =AVERAGE(C4:C6) -> 59.97 | E5: =AVERAGE(C3:C7) -> 60.396 | F5: =$V$3+$U$3*B5 -> 85.54028 | G5: =C5-F5 -> -26.42028 | H5: =G5-G4 -> 0.0097219673 | I5: 85.54028 | J5: 85.54028 | K5: =$Y$3+$X$3*B5 -> 85.588574 | L5: 85.588574 | M5: 85.588574 | N5: =0.3*C6 + 0.7*N4 -> 60.32404 | O5: =AVERAGE(C3:C6) -> 60.0775 | P5: =AVERAGE(O5:O6) -> 60.23625 | Q5: =$AE$3+$AD$3*B5 -> 85.639216 | R5: 85.639216 | S5: 85.639216 | U5: 0.15996435 | V5: 11.756475 | X5: 0.16189291 | Y5: 11.702034 | AA5: 0.16372371 | AB5: 11.655491 | AD5: 0.16343562 | AE5: 11.667296
A6: =A5+1 -> 44248 | B6: 5 | C6: 61.67 | D6: =AVERAGE(C5:C7) -> 60.82 | E6: =AVERAGE(C4:C8) -> 60.648 | F6: =$V$3+$U$3*B6 -> 85.530558 | G6: =C6-F6 -> -23.860558 | H6: =G6-G5 -> 2.559722 | I6: 85.530558 | J6: 85.530558 | K6: =$Y$3+$X$3*B6 -> 85.578817 | L6: 85.578817 | M6: 85.578817 | N6: =0.3*C7 + 0.7*N5 -> 60.727828 | O6: =AVERAGE(C4:C7) -> 60.395 | P6: =AVERAGE(O6:O7) -> 60.7125 | Q6: =$AE$3+$AD$3*B6 -> 85.629422 | R6: 85.629422 | S6: 85.629422 | U6: 347.52685 | V6: 1825 | X6: 352.1397 | Y6: 1823 | AA6: 356.51002 | AB6: 1821 | AD6: 355.76014 | AE6: 1821
A7: =A6+1 -> 44249 | B7: 6 | C7: 61.67 | D7: =AVERAGE(C6:C8) -> 61.666667 | E7: =AVERAGE(C5:C9) -> 61.466 | F7: =$V$3+$U$3*B7 -> 85.520836 | G7: =C7-F7 -> -23.850836 | H7: =G7-G6 -> 0.0097219673 | I7: 85.520836 | J7: 85.520836 | K7: =$Y$3+$X$3*B7 -> 85.56906 | L7: 85.56906 | M7: 85.56906 | N7: =0.3*C8 + 0.7*N6 -> 61.00748 | O7: =AVERAGE(C5:C8) -> 61.03 | P7: =AVERAGE(O7:O8) -> 61.54125 | Q7: =$AE$3+$AD$3*B7 -> 85.619628 | R7: 85.619628 | S7: 85.619628 | U7: 48033.317 | V7: 252241.81 | X7: 48221.166 | Y7: 249637.25 | AA7: 48432.052 | AB7: 247383.7 | AD7: 48428.133 | AE7: 247885.08
A8: =A7+1 -> 44250 | B8: 7 | C8: 61.66 | D8: =AVERAGE(C7:C9) -> 62.18 | E8: =AVERAGE(C6:C10) -> 62.328 | F8: =$V$3+$U$3*B8 -> 85.511114 | G8: =C8-F8 -> -23.851114 | H8: =G8-G7 -> -0.00027803272 | I8: 85.511114 | J8: 85.511114 | K8: =$Y$3+$X$3*B8 -> 85.559303 | L8: 85.559303 | M8: 85.559303 | N8: =0.3*C9 + 0.7*N7 -> 61.668236 | O8: =AVERAGE(C6:C9) -> 62.0525 | P8: =AVERAGE(O8:O9) -> 62.2725 | Q8: =$AE$3+$AD$3*B8 -> 85.609834 | R8: 85.609834 | S8: 85.609834
A9: =A8+1 -> 44251 | B9: 8 | C9: 63.21 | D9: =AVERAGE(C8:C10) -> 62.766667 | E9: =AVERAGE(C7:C11) -> 62.304 | F9: =$V$3+$U$3*B9 -> 85.501392 | G9: =C9-F9 -> -22.291392 | H9: =G9-G8 -> 1.559722 | I9: 85.501392 | J9: 85.501392 | K9: =$Y$3+$X$3*B9 -> 85.549546 | L9: 85.549546 | M9: 85.549546 | N9: =0.3*C10 + 0.7*N8 -> 62.196765 | O9: =AVERAGE(C7:C10) -> 62.4925 | P9: =AVERAGE(O9:O10) -> 62.4775 | Q9: =$AE$3+$AD$3*B9 -> 85.60004 | R9: 85.60004 | S9: 85.60004 | U9: =U3-U4 -> -0.010243474 | V9: =V3-V4 -> 85.028847 | X9: =X3-X4 -> -0.010276921 | Y9: =Y3-Y4 -> 85.079079 | AA9: =AA3-AA4 -> -0.010313114 | AB9: =AB3-AB4 -> 85.13174 | AD9: =AD3-AD4 -> -0.010313243 | AE9: =AE3-AE4 -> 85.130746
A10: =A9+1 -> 44252 | B10: 9 | C10: 63.43 | D10: =AVERAGE(C9:C11) -> 62.73 | E10: =AVERAGE(C8:C12) -> 62.28 | F10: =$V$3+$U$3*B10 -> 85.49167 | G10: =C10-F10 -> -22.06167 | H10: =G10-G9 -> 0.22972197 | I10: 85.49167 | J10: 85.49167 | K10: =$Y$3+$X$3*B10 -> 85.539789 | L10: 85.539789 | M10: 85.539789 | N10: =0.3*C11 + 0.7*N9 -> 62.002736 | O10: =AVERAGE(C8:C11) -> 62.4625 | P10: =AVERAGE(O10:O11) -> 62.44875 | Q10: =$AE$3+$AD$3*B10 -> 85.590246 | R10: 85.590246 | S10: 85.590246
A11: =A10+1 -> 44253 | B11: 10 | C11: 61.55 | D11: =AVERAGE(C10:C12) -> 62.176667 | E11: =AVERAGE(C9:C13) -> 62.056 | F11: =$V$3+$U$3*B11 -> 85.481948 | G11: =C11-F11 -> -23.931948 | H11: =G11-G10 -> -1.870278 | I11: 85.481948 | J11: 85.481948 | K11: =$Y$3+$X$3*B11 -> 85.530032 | L11: 85.530032 | M11: 85.530032 | N11: =0.3*C12 + 0.7*N10 -> 61.866915 | O11: =AVERAGE(C9:C12) -> 62.435 | P11: =AVERAGE(O11:O12) -> 62.10125 | Q11: =$AE$3+$AD$3*B11 -> 85.580452 | R11: 85.580452 | S11: 85.580452
A12: =A11+1 -> 44254 | B12: 11 | C12: 61.55 | D12: =AVERAGE(C11:C13) -> 61.213333 | E12: =AVERAGE(C10:C14) -> 61.522 | F12: =$V$3+$U$3*B12 -> 85.472226 | G12: =C12-F12 -> -23.922226 | H12: =G12-G11 -> 0.0097219673 | I12: 85.472226 | J12: 85.472226 | K12: =$Y$3+$X$3*B12 -> 85.520275 | L12: 85.520275 | M12: 85.520275 | N12: =0.3*C13 + 0.7*N11 -> 61.46884 | O12: =AVERAGE(C10:C13) -> 61.7675 | P12: =AVERAGE(O12:O13) -> 61.40625 | Q12: =$AE$3+$AD$3*B12 -> 85.570658 | R12: 85.570658 | S12: 85.570658
A13: =A12+1 -> 44255 | B13: 12 | C13: 60.54 | D13: =AVERAGE(C12:C14) -> 60.876667 | E13: =AVERAGE(C11:C15) -> 60.776 | F13: =$V$3+$U$3*B13 -> 85.462504 | G13: =C13-F13 -> -24.922504 | H13: =G13-G12 -> -1.000278 | I13: 85.462504 | J13: 85.462504 | K13: =$Y$3+$X$3*B13 -> 85.510518 | L13: 85.510518 | M13: 85.510518 | N13: =0.3*C14 + 0.7*N12 -> 61.190188 | O13: =AVERAGE(C11:C14) -> 61.045 | P13: =AVERAGE(O13:O14) -> 60.81375 | Q13: =$AE$3+$AD$3*B13 -> 85.560864 | R13: 85.560864 | S13: 85.560864
A14: =A13+1 -> 44256 | B14: 13 | C14: 60.54 | D14: =AVERAGE(C13:C15) -> 60.26 | E14: =AVERAGE(C12:C16) -> 60.732 | F14: =$V$3+$U$3*B14 -> 85.452782 | G14: =C14-F14 -> -24.912782 | H14: =G14-G13 -> 0.0097219673 | I14: 85.452782 | J14: 85.452782 | K14: =$Y$3+$X$3*B14 -> 85.500761 | L14: 85.500761 | M14: 85.500761 | N14: =0.3*C15 + 0.7*N13 -> 60.743132 | O14: =AVERAGE(C12:C15) -> 60.5825 | P14: =AVERAGE(O14:O15) -> 60.555 | Q14: =$AE$3+$AD$3*B14 -> 85.55107 | R14: 85.55107 | S14: 85.55107
A15: =A14+1 -> 44257 | B15: 14 | C15: 59.7 | D15: =AVERAGE(C14:C16) -> 60.523333 | E15: =AVERAGE(C13:C17) -> 61.184 | F15: =$V$3+$U$3*B15 -> 85.44306 | G15: =C15-F15 -> -25.74306 | H15: =G15-G14 -> -0.83027803 | I15: 85.44306 | J15: 85.44306 | K15: =$Y$3+$X$3*B15 -> 85.491004 | L15: 85.491004 | M15: 85.491004 | N15: =0.3*C16 + 0.7*N14 -> 60.919192 | O15: =AVERAGE(C13:C16) -> 60.5275 | P15: =AVERAGE(O15:O16) -> 60.93625 | Q15: =$AE$3+$AD$3*B15 -> 85.541276 | R15: 85.541276 | S15: 85.541276
A16: =A15+1 -> 44258 | B16: 15 | C16: 61.33 | D16: =AVERAGE(C15:C17) -> 61.613333 | E16: =AVERAGE(C14:C18) -> 62.292 | F16: =$V$3+$U$3*B16 -> 85.433338 | G16: =C16-F16 -> -24.103338 | H16: =G16-G15 -> 1.639722 | I16: 85.433338 | J16: 85.433338 | K16: =$Y$3+$X$3*B16 -> 85.481247 | L16: 85.481247 | M16: 85.481247 | N16: =0.3*C17 + 0.7*N15 -> 61.786435 | O16: =AVERAGE(C14:C17) -> 61.345 | P16: =AVERAGE(O16:O17) -> 62.0375 | Q16: =$AE$3+$AD$3*B16 -> 85.531482 | R16: 85.531482 | S16: 85.531482
A17: =A16+1 -> 44259 | B17: 16 | C17: 63.81 | D17: =AVERAGE(C16:C18) -> 63.74 | E17: =AVERAGE(C15:C19) -> 63.4 | F17: =$V$3+$U$3*B17 -> 85.423616 | G17: =C17-F17 -> -21.613616 | H17: =G17-G16 -> 2.489722 | I17: 85.423616 | J17: 85.423616 | K17: =$Y$3+$X$3*B17 -> 85.47149 | L17: 85.47149 | M17: 85.47149 | N17: =0.3*C18 + 0.7*N16 -> 63.074504 | O17: =AVERAGE(C15:C18) -> 62.73 | P17: =AVERAGE(O17:O18) -> 63.5275 | Q17: =$AE$3+$AD$3*B17 -> 85.521688 | R17: 85.521688 | S17: 85.521688
A18: =A17+1 -> 44260 | B18: 17 | C18: 66.08 | D18: =AVERAGE(C17:C19) -> 65.323333 | E18: =AVERAGE(C16:C20) -> 64.466 | F18: =$V$3+$U$3*B18 -> 85.413894 | G18: =C18-F18 -> -19.333894 | H18: =G18-G17 -> 2.279722 | I18: 85.413894 | J18: 85.413894 | K18: =$Y$3+$X$3*B18 -> 85.461733 | L18: 85.461733 | M18: 85.461733 | N18: =0.3*C19 + 0.7*N17 -> 63.976153 | O18: =AVERAGE(C16:C19) -> 64.325 | P18: =AVERAGE(O18:O19) -> 64.7875 | Q18: =$AE$3+$AD$3*B18 -> 85.511894 | R18: 85.511894 | S18: 85.511894
A19: =A18+1 -> 44261 | B19: 18 | C19: 66.08 | D19: =AVERAGE(C18:C20) -> 65.73 | E19: =AVERAGE(C17:C21) -> 65.206 | F19: =$V$3+$U$3*B19 -> 85.404172 | G19: =C19-F19 -> -19.324172 | H19: =G19-G18 -> 0.0097219673 | I19: 85.404172 | J19: 85.404172 | K19: =$Y$3+$X$3*B19 -> 85.451977 | L19: 85.451977 | M19: 85.451977 | N19: =0.3*C20 + 0.7*N18 -> 64.292307 | O19: =AVERAGE(C17:C20) -> 65.25 | P19: =AVERAGE(O19:O20) -> 65.4025 | Q19: =$AE$3+$AD$3*B19 -> 85.5021 | R19: 85.5021 | S19: 85.5021
A20: =A19+1 -> 44262 | B20: 19 | C20: 65.03 | D20: =AVERAGE(C19:C21) -> 65.38 | E20: =AVERAGE(C18:C22) -> 65.248 | F20: =$V$3+$U$3*B20 -> 85.39445 | G20: =C20-F20 -> -20.36445 | H20: =G20-G19 -> -1.040278 | I20: 85.39445 | J20: 85.39445 | K20: =$Y$3+$X$3*B20 -> 85.44222 | L20: 85.44222 | M20: 85.44222 | N20: =0.3*C21 + 0.7*N19 -> 64.513615 | O20: =AVERAGE(C18:C21) -> 65.555 | P20: =AVERAGE(O20:O21) -> 65.2975 | Q20: =$AE$3+$AD$3*B20 -> 85.492306 | R20: 85.492306 | S20: 85.492306
A21: =A20+1 -> 44263 | B21: 20 | C21: 65.03 | D21: =AVERAGE(C20:C22) -> 64.693333 | E21: =AVERAGE(C19:C23) -> 64.922 | F21: =$V$3+$U$3*B21 -> 85.384728 | G21: =C21-F21 -> -20.354728 | H21: =G21-G20 -> 0.0097219673 | I21: 85.384728 | J21: 85.384728 | K21: =$Y$3+$X$3*B21 -> 85.432463 | L21: 85.432463 | M21: 85.432463 | N21: =0.3*C22 + 0.7*N20 -> 64.36553 | O21: =AVERAGE(C19:C22) -> 65.04 | P21: =AVERAGE(O21:O22) -> 64.83625 | Q21: =$AE$3+$AD$3*B21 -> 85.482512 | R21: 85.482512 | S21: 85.482512
... A70: =A69+1 -> 44312 | B70: 69 | C70: 62.02 | D70: =AVERAGE(C69:C71) -> 62.356667 | E70: =AVERAGE(C68:C72) -> 62.612 | F70: =$V$3+$U$3*B70 -> 84.908352 | G70: =C70-F70 -> -22.888352 | H70: =G70-G69 -> 0.0097219673 | I70: 84.908352 | J70: 84.908352 | K70: =$Y$3+$X$3*B70 -> 84.954371 | L70: 84.954371 | M70: 84.954371 | N70: =0.3*C71 + 0.7*N69 -> 62.361649 | O70: =AVERAGE(C68:C71) -> 62.3125 | P70: =AVERAGE(O70:O71) -> 62.51625 | Q70: =$AE$3+$AD$3*B70 -> 85.002607 | R70: 85.002607 | S70: 85.002607
A71: =A70+1 -> 44313 | B71: 70 | C71: 63.03 | D71: =AVERAGE(C70:C72) -> 62.953333 | E71: =AVERAGE(C69:C73) -> 63.176 | F71: =$V$3+$U$3*B71 -> 84.89863 | G71: =C71-F71 -> -21.86863 | H71: =G71-G70 -> 1.019722 | I71: 84.89863 | J71: 84.89863 | K71: =$Y$3+$X$3*B71 -> 84.944614 | L71: 84.944614 | M71: 84.944614 | N71: =0.3*C72 + 0.7*N70 -> 62.796154 | O71: =AVERAGE(C69:C72) -> 62.72 | P71: =AVERAGE(O71:O72) -> 63.0925 | Q71: =$AE$3+$AD$3*B71 -> 84.992813 | R71: 84.992813 | S71: 84.992813 | AF71: СРЕДНЕЕ качество (R² = 43%)
A72: =A71+1 -> 44314 | B72: 71 | C72: 63.81 | D72: =AVERAGE(C71:C73) -> 63.946667 | E72: =AVERAGE(C70:C74) -> 63.472 | F72: =$V$3+$U$3*B72 -> 84.888908 | G72: =C72-F72 -> -21.078908 | H72: =G72-G71 -> 0.78972197 | I72: 84.888908 | J72: 84.888908 | K72: =$Y$3+$X$3*B72 -> 84.934857 | L72: 84.934857 | M72: 84.934857 | N72: =0.3*C73 + 0.7*N71 -> 63.457308 | O72: =AVERAGE(C70:C73) -> 63.465 | P72: =AVERAGE(O72:O73) -> 63.65 | Q72: =$AE$3+$AD$3*B72 -> 84.983019 | R72: 84.983019 | S72: 84.983019 | AF72: Показывает нелинейность тренда
A73: =A72+1 -> 44315 | B73: 72 | C73: 65 | D73: =AVERAGE(C72:C74) -> 64.103333 | E73: =AVERAGE(C71:C75) -> 63.768 | F73: =$V$3+$U$3*B73 -> 84.879186 | G73: =C73-F73 -> -19.879186 | H73: =G73-G72 -> 1.199722 | I73: 84.879186 | J73: 84.879186 | K73: =$Y$3+$X$3*B73 -> 84.9251 | L73: 84.9251 | M73: 84.9251 | N73: =0.3*C74 + 0.7*N72 -> 63.470115 | O73: =AVERAGE(C71:C74) -> 63.835 | P73: =AVERAGE(O73:O74) -> 63.89375 | Q73: =$AE$3+$AD$3*B73 -> 84.973225 | R73: 84.973225 | S73: 84.973225 | AF73: Есть изгибы (рост-падение-рост)
A74: =A73+1 -> 44316 | B74: 73 | C74: 63.5 | D74: =AVERAGE(C73:C75) -> 64 | E74: =AVERAGE(C72:C76) -> 64.054 | F74: =$V$3+$U$3*B74 -> 84.869464 | G74: =C74-F74 -> -21.369464 | H74: =G74-G73 -> -1.490278 | I74: 84.869464 | J74: 84.869464 | K74: =$Y$3+$X$3*B74 -> 84.915343 | L74: 84.915343 | M74: 84.915343 | N74: =0.3*C75 + 0.7*N73 -> 63.479081 | O74: =AVERAGE(C72:C75) -> 63.9525 | P74: =AVERAGE(O74:O75) -> 64.03375 | Q74: =$AE$3+$AD$3*B74 -> 84.963431 | R74: 84.963431 | S74: 84.963431 | AF74: ЛУЧШЕ всего описывает данные
A75: =A74+1 -> 44317 | B75: 74 | C75: 63.5 | D75: =AVERAGE(C74:C76) -> 63.82 | E75: =AVERAGE(C73:C77) -> 64.184 | F75: =$V$3+$U$3*B75 -> 84.859742 | G75: =C75-F75 -> -21.359742 | H75: =G75-G74 -> 0.0097219673 | I75: 84.859742 | J75: 84.859742 | K75: =$Y$3+$X$3*B75 -> 84.905586 | L75: 84.905586 | M75: 84.905586 | N75: =0.3*C76 + 0.7*N74 -> 63.773357 | O75: =AVERAGE(C73:C76) -> 64.115 | P75: =AVERAGE(O75:O76) -> 64.0475 | Q75: =$AE$3+$AD$3*B75 -> 84.953637 | R75: 84.953637 | S75: 84.953637
A76: =A75+1 -> 44318 | B76: 75 | C76: 64.46 | D76: =AVERAGE(C75:C77) -> 64.14 | E76: =AVERAGE(C74:C78) -> 64.328 | F76: =$V$3+$U$3*B76 -> 84.85002 | G76: =C76-F76 -> -20.39002 | H76: =G76-G75 -> 0.96972197 | I76: 84.85002 | J76: 84.85002 | K76: =$Y$3+$X$3*B76 -> 84.895829 | L76: 84.895829 | M76: 84.895829 | N76: =0.3*C77 + 0.7*N75 -> 63.97935 | O76: =AVERAGE(C74:C77) -> 63.98 | P76: =AVERAGE(O76:O77) -> 64.2575 | Q76: =$AE$3+$AD$3*B76 -> 84.943843 | R76: 84.943843 | S76: 84.943843
A77: =A76+1 -> 44319 | B77: 76 | C77: 64.46 | D77: =AVERAGE(C76:C78) -> 64.88 | E77: =AVERAGE(C75:C79) -> 64.754 | F77: =$V$3+$U$3*B77 -> 84.840298 | G77: =C77-F77 -> -20.380298 | H77: =G77-G76 -> 0.0097219673 | I77: 84.840298 | J77: 84.840298 | K77: =$Y$3+$X$3*B77 -> 84.886072 | L77: 84.886072 | M77: 84.886072 | N77: =0.3*C78 + 0.7*N76 -> 64.501545 | O77: =AVERAGE(C75:C78) -> 64.535 | P77: =AVERAGE(O77:O78) -> 64.80125 | Q77: =$AE$3+$AD$3*B77 -> 84.934049 | R77: 84.934049 | S77: 84.934049
A78: =A77+1 -> 44320 | B78: 77 | C78: 65.72 | D78: =AVERAGE(C77:C79) -> 65.27 | E78: =AVERAGE(C76:C80) -> 65 | F78: =$V$3+$U$3*B78 -> 84.830576 | G78: =C78-F78 -> -19.110576 | H78: =G78-G77 -> 1.269722 | I78: 84.830576 | J78: 84.830576 | K78: =$Y$3+$X$3*B78 -> 84.876315 | L78: 84.876315 | M78: 84.876315 | N78: =0.3*C79 + 0.7*N77 -> 64.840081 | O78: =AVERAGE(C76:C79) -> 65.0675 | P78: =AVERAGE(O78:O79) -> 65.10125 | Q78: =$AE$3+$AD$3*B78 -> 84.924255 | R78: 84.924255 | S78: 84.924255
A79: =A78+1 -> 44321 | B79: 78 | C79: 65.63 | D79: =AVERAGE(C78:C80) -> 65.36 | E79: =AVERAGE(C77:C81) -> 65.1 | F79: =$V$3+$U$3*B79 -> 84.820854 | G79: =C79-F79 -> -19.190854 | H79: =G79-G78 -> -0.080278033 | I79: 84.820854 | J79: 84.820854 | K79: =$Y$3+$X$3*B79 -> 84.866558 | L79: 84.866558 | M79: 84.866558 | N79: =0.3*C80 + 0.7*N78 -> 64.807057 | O79: =AVERAGE(C77:C80) -> 65.135 | P79: =AVERAGE(O79:O80) -> 65.1975 | Q79: =$AE$3+$AD$3*B79 -> 84.914461 | R79: 84.914461 | S79: 84.914461
A80: =A79+1 -> 44322 | B80: 79 | C80: 64.73 | D80: =AVERAGE(C79:C81) -> 65.106667 | E80: =AVERAGE(C78:C82) -> 65.2 | F80: =$V$3+$U$3*B80 -> 84.811132 | G80: =C80-F80 -> -20.081132 | H80: =G80-G79 -> -0.89027803 | I80: 84.811132 | J80: 84.811132 | K80: =$Y$3+$X$3*B80 -> 84.856801 | L80: 84.856801 | M80: 84.856801 | N80: =0.3*C81 + 0.7*N79 -> 64.85294 | O80: =AVERAGE(C78:C81) -> 65.26 | P80: =AVERAGE(O80:O81) -> 65.165 | Q80: =$AE$3+$AD$3*B80 -> 84.904667 | R80: 84.904667 | S80: 84.904667
A81: =A80+1 -> 44323 | B81: 80 | C81: 64.96 | D81: =AVERAGE(C80:C82) -> 64.883333 | E81: =AVERAGE(C79:C83) -> 65.04 | F81: =$V$3+$U$3*B81 -> 84.80141 | G81: =C81-F81 -> -19.84141 | H81: =G81-G80 -> 0.23972197 | I81: 84.80141 | J81: 84.80141 | K81: =$Y$3+$X$3*B81 -> 84.847044 | L81: 84.847044 | M81: 84.847044 | N81: =0.3*C82 + 0.7*N80 -> 64.885058 | O81: =AVERAGE(C79:C82) -> 65.07 | P81: =AVERAGE(O81:O82) -> 64.98125 | Q81: =$AE$3+$AD$3*B81 -> 84.894873 | R81: 84.894873 | S81: 84.894873
A82: =A81+1 -> 44324 | B82: 81 | C82: 64.96 | D82: =AVERAGE(C81:C83) -> 64.946667 | E82: =AVERAGE(C80:C84) -> 64.898 | F82: =$V$3+$U$3*B82 -> 84.791688 | G82: =C82-F82 -> -19.831688 | H82: =G82-G81 -> 0.0097219673 | I82: 84.791688 | J82: 84.791688 | K82: =$Y$3+$X$3*B82 -> 84.837287 | L82: 84.837287 | M82: 84.837287 | N82: =0.3*C83 + 0.7*N81 -> 64.895541 | O82: =AVERAGE(C80:C83) -> 64.8925 | P82: =AVERAGE(O82:O83) -> 64.91625 | Q82: =$AE$3+$AD$3*B82 -> 84.885079 | R82: 84.885079 | S82: 84.885079
A83: =A82+1 -> 44325 | B83: 82 | C83: 64.92 | D83: =AVERAGE(C82:C84) -> 64.933333 | E83: =AVERAGE(C81:C85) -> 65.014 | F83: =$V$3+$U$3*B83 -> 84.781966 | G83: =C83-F83 -> -19.861966 | H83: =G83-G82 -> -0.030278033 | I83: 84.781966 | J83: 84.781966 | K83: =$Y$3+$X$3*B83 -> 84.82753 | L83: 84.82753 | M83: 84.82753 | N83: =0.3*C84 + 0.7*N82 -> 64.902878 | O83: =AVERAGE(C81:C84) -> 64.94 | P83: =AVERAGE(O83:O84) -> 64.98375 | Q83: =$AE$3+$AD$3*B83 -> 84.875285 | R83: 84.875285 | S83: 84.875285
A84: =A83+1 -> 44326 | B84: 83 | C84: 64.92 | D84: =AVERAGE(C83:C85) -> 65.05 | E84: =AVERAGE(C82:C86) -> 65.214 | F84: =$V$3+$U$3*B84 -> 84.772244 | G84: =C84-F84 -> -19.852244 | H84: =G84-G83 -> 0.0097219673 | I84: 84.772244 | J84: 84.772244 | K84: =$Y$3+$X$3*B84 -> 84.817773 | L84: 84.817773 | M84: 84.817773 | N84: =0.3*C85 + 0.7*N83 -> 65.025015 | O84: =AVERAGE(C82:C85) -> 65.0275 | P84: =AVERAGE(O84:O85) -> 65.1525 | Q84: =$AE$3+$AD$3*B84 -> 84.865491 | R84: 84.865491 | S84: 84.865491
A85: =A84+1 -> 44327 | B85: 84 | C85: 65.31 | D85: =AVERAGE(C84:C86) -> 65.396667 | E85: =AVERAGE(C83:C87) -> 64.986 | F85: =$V$3+$U$3*B85 -> 84.762522 | G85: =C85-F85 -> -19.452522 | H85: =G85-G84 -> 0.39972197 | I85: 84.762522 | J85: 84.762522 | K85: =$Y$3+$X$3*B85 -> 84.808016 | L85: 84.808016 | M85: 84.808016 | N85: =0.3*C86 + 0.7*N84 -> 65.30551 | O85: =AVERAGE(C83:C86) -> 65.2775 | P85: =AVERAGE(O85:O86) -> 65.14 | Q85: =$AE$3+$AD$3*B85 -> 84.855697 | R85: 84.855697 | S85: 84.855697
A86: =A85+1 -> 44328 | B86: 85 | C86: 65.96 | D86: =AVERAGE(C85:C87) -> 65.03 | E86: =AVERAGE(C84:C88) -> 65.066 | F86: =$V$3+$U$3*B86 -> 84.7528 | G86: =C86-F86 -> -18.7928 | H86: =G86-G85 -> 0.65972197 | I86: 84.7528 | J86: 84.7528 | K86: =$Y$3+$X$3*B86 -> 84.798259 | L86: 84.798259 | M86: 84.798259 | N86: =0.3*C87 + 0.7*N85 -> 64.859857 | O86: =AVERAGE(C84:C87) -> 65.0025 | P86: =AVERAGE(O86:O87) -> 65.0525 | Q86: =$AE$3+$AD$3*B86 -> 84.845903 | R86: 84.845903 | S86: 84.845903
... A1826: =A1825+1 -> 46068 | B1826: 1825 | C1826: 62.53 | D1826: =AVERAGE(C1825:C1827) -> 62.703333 | E1826: =AVERAGE(C1824:C1828) -> 62.738 | F1826: =$V$3+$U$3*B1826 -> 67.836577 | G1826: =C1826-F1826 -> -5.3065774 | H1826: =G1826-G1825 -> -0.51027803 | I1826: 67.836577 | J1826: 67.836577 | K1826: =$Y$3+$X$3*B1826 -> 67.821121 | L1826: 67.821121 | M1826: 67.821121 | N1826: =0.3*C1827 + 0.7*N1825 -> 62.993343 | O1826: =AVERAGE(C1824:C1827) -> 62.79 | P1826: =AVERAGE(O1826:O1827) -> 62.725 | Q1826: =$AE$3+$AD$3*B1826 -> 67.804365 | R1826: 67.804365 | S1826: 67.804365
A1827: =A1826+1 -> 46069 | B1827: 1826 | C1827: 62.53 | D1827: =AVERAGE(C1826:C1828) -> 62.53 | F1827: =$V$3+$U$3*B1827 -> 67.826855 | G1827: =C1827-F1827 -> -5.2968554 | H1827: =G1827-G1826 -> 0.0097219673 | I1827: 67.826855 | J1827: 67.826855 | K1827: =$Y$3+$X$3*B1827 -> 67.811364 | L1827: 67.811364 | M1827: 67.811364 | N1827: =0.3*C1828 + 0.7*N1826 -> 62.85434 | O1827: =AVERAGE(C1825:C1828) -> 62.66 | Q1827: =$AE$3+$AD$3*B1827 -> 67.794571 | R1827: 67.794571 | S1827: 67.794571
A1828: =A1827+1 -> 46070 | B1828: 1827 | C1828: 62.53 | F1828: =$V$3+$U$3*B1828 -> 67.817133 | G1828: =C1828-F1828 -> -5.2871334 | H1828: =G1828-G1827 -> 0.0097219673 | I1828: =F1828-$B$1835*B1842 -> 67.817133 | J1828: =F1828+$B$1835*B1841 -> 90.89994 | K1828: =$Y$3+$X$3*B1828 -> 67.801607 | L1828: =L1827-$E$1837*E1843 -> -14910.965 | M1828: =M1827+$E$1837*E1843 -> 15046.587 | Q1828: =$AE$3+$AD$3*B1828 -> 67.784777 | R1828: =R1827-$L$1836*L1845 -> -14866.522 | S1828: =S1827+$L$1836*L1845 -> 15002.111
A1829: =A1828+1 -> 46071 | G1829: =SUMSQ(G2:G1828) -> 252241.81 | H1829: =SUMSQ(H3:H1828) -> 4443.2484
G1831: первонач крит дарбина-уотсона
H1832: =H1829/G1829 -> 0.017615035
G1833: DL | H1833: DU
D1834: для 1827 | G1834: 1.921 | H1834: 1.924 | M1834: размах | N1834: =S1828-R1828 -> 29868.633
A1835: квантиль | B1835: =_xlfn.T.INV.2T(0.05,1827-2) -> 1.9612647 | D1835: ср таймер | E1835: =AVERAGE(B3:B1827) -> 914 | K1835: ср таймер | L1835: =AVERAGE(B4:B1826) -> 914
A1836: ср таймер | B1836: =AVERAGE(B2:B1828) -> 914 | D1836: дисп | E1836: =_xlfn.VAR.S(B3:B1827)*1824 -> 5.065324e+08 | K1836: квантиль | L1836: =_xlfn.T.INV.2T(0.05,1821) -> 1.9612676
A1837: дисп | B1837: =_xlfn.VAR.S(B2:B1828)*1826 -> 508199538 | D1837: квантиль | E1837: =_xlfn.T.INV.2T(0.05,1823) -> 1.9612661 | K1837: дисп | L1837: =_xlfn.VAR.S(B4:B1826)*1822 -> 504868912
A1838: дробь для формулы | D1838: дробь для формулы | K1838: дробь для формулы
B1839: =(B1829-$B$1836)^2/B1837 -> 0.0016438346 | D1839: дробь 1827 | E1839: =(B1828-$E$1835)^2/E1836 -> 0.0016456381 | K1839: дробь для 1826 | L1839: =(B1827-$L$1835)^2/$L$1836 -> 424084.92
A1840: ст ош прогноза | D1840: дробь 1828 | E1840: =(B1829-$E$1835)^2/E1837 -> 425947.29 | K1840: дробь 1827 | L1840: =(B1828-$L$1835)^2/$L$1836 -> 425015.44
B1841: =$V$5*SQRT(1+1/1827+B1839) -> 11.769348 | K1841: дробь 1828 | L1841: =(B1829-$L$1835)^2/$L$1836 -> 425946.98
D1842: ст ош 1827 | E1842: =$Y$5*SQRT(1+1/B1826+E1839) -> 11.714862
D1843: ст ош 1828 | E1843: =$Y$5*SQRT(1+1/B1827+E1840) -> 7637.2991 | K1843: ст ош 1826 | L1843: =$AE$5*SQRT(1+1/1823+L1839) -> 7597.9626
D1844: размах | E1844: =M1828-L1828 -> 29957.552 | K1844: ст ош 1827 | L1844: =$AE$5*SQRT(1+1/1823+L1840) -> 7606.2936
K1845: ст ош 1828 | L1845: =$AE$5*SQRT(1+1/1823+L1841) -> 7614.6247

Sheet c 1200
A1: дата | B1: DCOILWTICO | D1: сглаживание: | E1: дата | F1: таймер | G1: DCOILWTICO | H1: модель исх | I1: остатки | J1: e (t) - e(t-1) | K1: нижняя | L1: верхняя | M1: 3-точ | N1: модель3-точ | O1: нижняя | P1: верхняя | Q1: 4-точ | R1: 4-точ цент | S1: модель 4-точ | T1: нижняя | U1: верхняя | V1: 5-точ
A2: 45443 | B2: 77.97 | E2: 45443 | F2: 1 | G2: 77.97 | H2: =$AF$6+$AE$6*F2 -> 78.399704 | I2: =G2-H2 -> -0.42970426 | K2: 78.399704 | L2: 78.399704
A3: 45444 | B3: 77.97 | E3: 45444 | F3: 2 | G3: 77.97 | H3: =$AF$6+$AE$6*F3 -> 78.367192 | I3: =G3-H3 -> -0.39719233 | J3: =I3-I2 -> 0.032511933 | K3: 78.367192 | L3: 78.367192 | M3: =AVERAGE(G2:G4) -> 77.066667 | N3: =$AI$6+$AH$6*F3 -> 78.384285 | O3: 78.384285 | P3: 78.384285 | AD3: модели для расчетов
A4: 45445 | B4: 75.26 | E4: 45445 | F4: 3 | G4: 75.26 | H4: =$AF$6+$AE$6*F4 -> 78.33468 | I4: =G4-H4 -> -3.0746804 | J4: =I4-I3 -> -2.6774881 | K4: 78.33468 | L4: 78.33468 | M4: =AVERAGE(G3:G5) -> 76.163333 | N4: =$AI$6+$AH$6*F4 -> 78.351698 | O4: 78.351698 | P4: 78.351698 | Q4: =AVERAGE(G2:G5) -> 76.615 | R4: =AVERAGE(Q4:Q5) -> 76.1525 | S4: =$AL$6+$AK$6*F4 -> 78.377618 | T4: 78.377618 | U4: 78.377618 | AE4: исходная | AH4: 3-точ | AK4: 4-точ
A5: 45446 | B5: 75.26 | E5: 45446 | F5: 4 | G5: 75.26 | H5: =$AF$6+$AE$6*F5 -> 78.302168 | I5: =G5-H5 -> -3.0421685 | J5: =I5-I4 -> 0.032511933 | K5: 78.302168 | L5: 78.302168 | M5: =AVERAGE(G4:G6) -> 74.93 | N5: =$AI$6+$AH$6*F5 -> 78.31911 | O5: 78.31911 | P5: 78.31911 | Q5: =AVERAGE(G3:G6) -> 75.69 | R5: =AVERAGE(Q5:Q6) -> 75.32875 | S5: =$AL$6+$AK$6*F5 -> 78.344933 | T5: 78.344933 | U5: 78.344933
A6: 45447 | B6: 74.27 | E6: 45447 | F6: 5 | G6: 74.27 | H6: =$AF$6+$AE$6*F6 -> 78.269657 | I6: =G6-H6 -> -3.9996565 | J6: =I6-I5 -> -0.95748807 | K6: 78.269657 | L6: 78.269657 | M6: =AVERAGE(G5:G7) -> 74.87 | N6: =$AI$6+$AH$6*F6 -> 78.286523 | O6: 78.286523 | P6: 78.286523 | Q6: =AVERAGE(G4:G7) -> 74.9675 | R6: =AVERAGE(Q6:Q7) -> 75.125 | S6: =$AL$6+$AK$6*F6 -> 78.312248 | T6: 78.312248 | U6: 78.312248 | V6: =AVERAGE(G2:G6) -> 76.146 | AE6: {=LINEST(G2:G629,F2:F629,1,1)} -> -0.032511933 | AF6: 78.432216 | AH6: {=LINEST(M3:M628,F3:F628,1,1)} -> -0.032587514 | AI6: 78.44946 | AK6: {=LINEST(R4:R627,F4:F627,1,1)} -> -0.032685176 | AL6: 78.475674
A7: 45448 | B7: 75.08 | E7: 45448 | F7: 6 | G7: 75.08 | H7: =$AF$6+$AE$6*F7 -> 78.237145 | I7: =G7-H7 -> -3.1571446 | J7: =I7-I6 -> 0.84251193 | K7: 78.237145 | L7: 78.237145 | M7: =AVERAGE(G6:G8) -> 75.29 | N7: =$AI$6+$AH$6*F7 -> 78.253935 | O7: 78.253935 | P7: 78.253935 | Q7: =AVERAGE(G5:G8) -> 75.2825 | R7: =AVERAGE(Q7:Q8) -> 75.44125 | S7: =$AL$6+$AK$6*F7 -> 78.279563 | T7: 78.279563 | U7: 78.279563 | V7: =AVERAGE(G3:G7) -> 75.568 | AE7: 0.00079663011 | AF7: 0.28918386 | AH7: 0.00078310733 | AI7: 0.28404945 | AK7: 0.00077741449 | AL7: 0.28176119
A8: 45449 | B8: 76.52 | E8: 45449 | F8: 7 | G8: 76.52 | H8: =$AF$6+$AE$6*F8 -> 78.204633 | I8: =G8-H8 -> -1.6846327 | J8: =I8-I7 -> 1.4725119 | K8: 78.204633 | L8: 78.204633 | M8: =AVERAGE(G7:G9) -> 76.043333 | N8: =$AI$6+$AH$6*F8 -> 78.221348 | O8: 78.221348 | P8: 78.221348 | Q8: =AVERAGE(G6:G9) -> 75.6 | R8: =AVERAGE(Q8:Q9) -> 75.8825 | S8: =$AL$6+$AK$6*F8 -> 78.246878 | T8: 78.246878 | U8: 78.246878 | V8: =AVERAGE(G4:G8) -> 75.278 | AE8: 0.72682907 | AF8: 3.6191369 | AH8: 0.73510486 | AI8: 3.5407202 | AK8: 0.73971089 | AL8: 3.4981492
A9: 45450 | B9: 76.53 | E9: 45450 | F9: 8 | G9: 76.53 | H9: =$AF$6+$AE$6*F9 -> 78.172121 | I9: =G9-H9 -> -1.6421207 | J9: =I9-I8 -> 0.042511933 | K9: 78.172121 | L9: 78.172121 | M9: =AVERAGE(G8:G10) -> 76.526667 | N9: =$AI$6+$AH$6*F9 -> 78.18876 | O9: 78.18876 | P9: 78.18876 | Q9: =AVERAGE(G7:G10) -> 76.165 | R9: =AVERAGE(Q9:Q10) -> 76.62375 | S9: =$AL$6+$AK$6*F9 -> 78.214192 | T9: 78.214192 | U9: 78.214192 | V9: =AVERAGE(G5:G9) -> 75.532 | AE9: 1665.6055 | AF9: 626 | AH9: 1731.6491 | AI9: 624 | AK9: 1767.6505 | AL9: 622
A10: 45451 | B10: 76.53 | E10: 45451 | F10: 9 | G10: 76.53 | H10: =$AF$6+$AE$6*F10 -> 78.139609 | I10: =G10-H10 -> -1.6096088 | J10: =I10-I9 -> 0.032511933 | K10: 78.139609 | L10: 78.139609 | M10: =AVERAGE(G9:G11) -> 77.27 | N10: =$AI$6+$AH$6*F10 -> 78.156173 | O10: 78.156173 | P10: 78.156173 | Q10: =AVERAGE(G8:G11) -> 77.0825 | R10: =AVERAGE(Q10:Q11) -> 77.36125 | S10: =$AL$6+$AK$6*F10 -> 78.181507 | T10: 78.181507 | U10: 78.181507 | V10: =AVERAGE(G6:G10) -> 75.786 | AE10: 21816.353 | AF10: 8199.443 | AH10: 21709.165 | AI10: 7822.9007 | AK10: 21630.824 | AL10: 7611.4439
A11: 45452 | B11: 78.75 | E11: 45452 | F11: 10 | G11: 78.75 | H11: =$AF$6+$AE$6*F11 -> 78.107097 | I11: =G11-H11 -> 0.64290313 | J11: =I11-I10 -> 2.2525119 | K11: 78.107097 | L11: 78.107097 | M11: =AVERAGE(G10:G12) -> 78.01 | N11: =$AI$6+$AH$6*F11 -> 78.123585 | O11: 78.123585 | P11: 78.123585 | Q11: =AVERAGE(G9:G12) -> 77.64 | R11: =AVERAGE(Q11:Q12) -> 77.93375 | S11: =$AL$6+$AK$6*F11 -> 78.148822 | T11: 78.148822 | U11: 78.148822 | V11: =AVERAGE(G7:G11) -> 76.682
A12: 45453 | B12: 78.75 | E12: 45453 | F12: 11 | G12: 78.75 | H12: =$AF$6+$AE$6*F12 -> 78.074585 | I12: =G12-H12 -> 0.67541506 | J12: =I12-I11 -> 0.032511933 | K12: 78.074585 | L12: 78.074585 | M12: =AVERAGE(G11:G13) -> 78.793333 | N12: =$AI$6+$AH$6*F12 -> 78.090998 | O12: 78.090998 | P12: 78.090998 | Q12: =AVERAGE(G10:G13) -> 78.2275 | R12: =AVERAGE(Q12:Q13) -> 78.60625 | S12: =$AL$6+$AK$6*F12 -> 78.116137 | T12: 78.116137 | U12: 78.116137 | V12: =AVERAGE(G8:G12) -> 77.416 | AE12: =AE6/AE7 -> -40.81183 | AF12: =AF6/AF7 -> 271.2192 | AH12: =AH6/AH7 -> -41.613088 | AI12: =AI6/AI7 -> 276.18241 | AK12: =AK6/AK7 -> -42.043436 | AL12: =AL6/AL7 -> 278.5184
A13: 45454 | B13: 78.88 | E13: 45454 | F13: 12 | G13: 78.88 | H13: =$AF$6+$AE$6*F13 -> 78.042073 | I13: =G13-H13 -> 0.837927 | J13: =I13-I12 -> 0.16251193 | K13: 78.042073 | L13: 78.042073 | M13: =AVERAGE(G12:G14) -> 79.063333 | N13: =$AI$6+$AH$6*F13 -> 78.05841 | O13: 78.05841 | P13: 78.05841 | Q13: =AVERAGE(G11:G14) -> 78.985 | R13: =AVERAGE(Q13:Q14) -> 79.0925 | S13: =$AL$6+$AK$6*F13 -> 78.083452 | T13: 78.083452 | U13: 78.083452 | V13: =AVERAGE(G9:G13) -> 77.888
A14: 45455 | B14: 79.56 | E14: 45455 | F14: 13 | G14: 79.56 | H14: =$AF$6+$AE$6*F14 -> 78.009561 | I14: =G14-H14 -> 1.5504389 | J14: =I14-I13 -> 0.71251193 | K14: 78.009561 | L14: 78.009561 | M14: =AVERAGE(G13:G15) -> 79.35 | N14: =$AI$6+$AH$6*F14 -> 78.025823 | O14: 78.025823 | P14: 78.025823 | Q14: =AVERAGE(G12:G15) -> 79.2 | R14: =AVERAGE(Q14:Q15) -> 79.2825 | S14: =$AL$6+$AK$6*F14 -> 78.050767 | T14: 78.050767 | U14: 78.050767 | V14: =AVERAGE(G10:G14) -> 78.494
A15: 45456 | B15: 79.61 | E15: 45456 | F15: 14 | G15: 79.61 | H15: =$AF$6+$AE$6*F15 -> 77.977049 | I15: =G15-H15 -> 1.6329509 | J15: =I15-I14 -> 0.082511933 | K15: 77.977049 | L15: 77.977049 | M15: =AVERAGE(G14:G16) -> 79.526667 | N15: =$AI$6+$AH$6*F15 -> 77.993235 | O15: 77.993235 | P15: 77.993235 | Q15: =AVERAGE(G13:G16) -> 79.365 | R15: =AVERAGE(Q15:Q16) -> 79.43125 | S15: =$AL$6+$AK$6*F15 -> 78.018081 | T15: 78.018081 | U15: 78.018081 | V15: =AVERAGE(G11:G15) -> 79.11
A16: 45457 | B16: 79.41 | E16: 45457 | F16: 15 | G16: 79.41 | H16: =$AF$6+$AE$6*F16 -> 77.944537 | I16: =G16-H16 -> 1.4654628 | J16: =I16-I15 -> -0.16748807 | K16: 77.944537 | L16: 77.944537 | M16: =AVERAGE(G15:G17) -> 79.476667 | N16: =$AI$6+$AH$6*F16 -> 77.960647 | O16: 77.960647 | P16: 77.960647 | Q16: =AVERAGE(G14:G17) -> 79.4975 | R16: =AVERAGE(Q16:Q17) -> 79.71875 | S16: =$AL$6+$AK$6*F16 -> 77.985396 | T16: 77.985396 | U16: 77.985396 | V16: =AVERAGE(G12:G16) -> 79.242
A17: 45458 | B17: 79.41 | E17: 45458 | F17: 16 | G17: 79.41 | H17: =$AF$6+$AE$6*F17 -> 77.912025 | I17: =G17-H17 -> 1.4979747 | J17: =I17-I16 -> 0.032511933 | K17: 77.912025 | L17: 77.912025 | M17: =AVERAGE(G16:G18) -> 80.05 | N17: =$AI$6+$AH$6*F17 -> 77.92806 | O17: 77.92806 | P17: 77.92806 | Q17: =AVERAGE(G15:G18) -> 79.94 | R17: =AVERAGE(Q17:Q18) -> 80.155 | S17: =$AL$6+$AK$6*F17 -> 77.952711 | T17: 77.952711 | U17: 77.952711 | V17: =AVERAGE(G13:G17) -> 79.374
A18: 45459 | B18: 81.33 | E18: 45459 | F18: 17 | G18: 81.33 | H18: =$AF$6+$AE$6*F18 -> 77.879513 | I18: =G18-H18 -> 3.4504867 | J18: =I18-I17 -> 1.9525119 | K18: 77.879513 | L18: 77.879513 | M18: =AVERAGE(G17:G19) -> 80.69 | N18: =$AI$6+$AH$6*F18 -> 77.895472 | O18: 77.895472 | P18: 77.895472 | Q18: =AVERAGE(G16:G19) -> 80.37 | R18: =AVERAGE(Q18:Q19) -> 80.7775 | S18: =$AL$6+$AK$6*F18 -> 77.920026 | T18: 77.920026 | U18: 77.920026 | V18: =AVERAGE(G14:G18) -> 79.864
A19: 45460 | B19: 81.33 | E19: 45460 | F19: 18 | G19: 81.33 | H19: =$AF$6+$AE$6*F19 -> 77.847001 | I19: =G19-H19 -> 3.4829986 | J19: =I19-I18 -> 0.032511933 | K19: 77.847001 | L19: 77.847001 | M19: =AVERAGE(G18:G20) -> 81.776667 | N19: =$AI$6+$AH$6*F19 -> 77.862885 | O19: 77.862885 | P19: 77.862885 | Q19: =AVERAGE(G17:G20) -> 81.185 | R19: =AVERAGE(Q19:Q20) -> 81.5925 | S19: =$AL$6+$AK$6*F19 -> 77.887341 | T19: 77.887341 | U19: 77.887341 | V19: =AVERAGE(G15:G19) -> 80.218
A20: 45461 | B20: 82.67 | E20: 45461 | F20: 19 | G20: 82.67 | H20: =$AF$6+$AE$6*F20 -> 77.814489 | I20: =G20-H20 -> 4.8555105 | J20: =I20-I19 -> 1.3725119 | K20: 77.814489 | L20: 77.814489 | M20: =AVERAGE(G19:G21) -> 82.223333 | N20: =$AI$6+$AH$6*F20 -> 77.830297 | O20: 77.830297 | P20: 77.830297 | Q20: =AVERAGE(G18:G21) -> 82 | R20: =AVERAGE(Q20:Q21) -> 82.25125 | S20: =$AL$6+$AK$6*F20 -> 77.854655 | T20: 77.854655 | U20: 77.854655 | V20: =AVERAGE(G16:G20) -> 80.83
A21: 45462 | B21: 82.67 | E21: 45462 | F21: 20 | G21: 82.67 | H21: =$AF$6+$AE$6*F21 -> 77.781978 | I21: =G21-H21 -> 4.8880225 | J21: =I21-I20 -> 0.032511933 | K21: 77.781978 | L21: 77.781978 | M21: =AVERAGE(G20:G22) -> 82.893333 | N21: =$AI$6+$AH$6*F21 -> 77.79771 | O21: 77.79771 | P21: 77.79771 | Q21: =AVERAGE(G19:G22) -> 82.5025 | R21: =AVERAGE(Q21:Q22) -> 82.55 | S21: =$AL$6+$AK$6*F21 -> 77.82197 | T21: 77.82197 | U21: 77.82197 | V21: =AVERAGE(G17:G21) -> 81.482
A22: 45463 | B22: 83.34 | E22: 45463 | F22: 21 | G22: 83.34 | H22: =$AF$6+$AE$6*F22 -> 77.749466 | I22: =G22-H22 -> 5.5905344 | J22: =I22-I21 -> 0.70251193 | K22: 77.749466 | L22: 77.749466 | M22: =AVERAGE(G21:G23) -> 82.573333 | N22: =$AI$6+$AH$6*F22 -> 77.765122 | O22: 77.765122 | P22: 77.765122 | Q22: =AVERAGE(G20:G23) -> 82.5975 | R22: =AVERAGE(Q22:Q23) -> 82.4775 | S22: =$AL$6+$AK$6*F22 -> 77.789285 | T22: 77.789285 | U22: 77.789285 | V22: =AVERAGE(G18:G22) -> 82.268
A23: 45464 | B23: 81.71 | E23: 45464 | F23: 22 | G23: 81.71 | H23: =$AF$6+$AE$6*F23 -> 77.716954 | I23: =G23-H23 -> 3.9930463 | J23: =I23-I22 -> -1.5974881 | K23: 77.716954 | L23: 77.716954 | M23: =AVERAGE(G22:G24) -> 82.253333 | N23: =$AI$6+$AH$6*F23 -> 77.732535 | O23: 77.732535 | P23: 77.732535 | Q23: =AVERAGE(G21:G24) -> 82.3575 | R23: =AVERAGE(Q23:Q24) -> 82.3525 | S23: =$AL$6+$AK$6*F23 -> 77.7566 | T23: 77.7566 | U23: 77.7566 | V23: =AVERAGE(G19:G23) -> 82.344
A24: 45465 | B24: 81.71 | E24: 45465 | F24: 23 | G24: 81.71 | H24: =$AF$6+$AE$6*F24 -> 77.684442 | I24: =G24-H24 -> 4.0255583 | J24: =I24-I23 -> 0.032511933 | K24: 77.684442 | L24: 77.684442 | M24: =AVERAGE(G23:G25) -> 82.016667 | N24: =$AI$6+$AH$6*F24 -> 77.699947 | O24: 77.699947 | P24: 77.699947 | Q24: =AVERAGE(G22:G25) -> 82.3475 | R24: =AVERAGE(Q24:Q25) -> 82.25875 | S24: =$AL$6+$AK$6*F24 -> 77.723915 | T24: 77.723915 | U24: 77.723915 | V24: =AVERAGE(G20:G24) -> 82.42
... A627: 46068 | B627: 62.53 | E627: 46068 | F627: 626 | G627: 62.53 | H627: =$AF$6+$AE$6*F627 -> 58.079746 | I627: =G627-H627 -> 4.4502536 | J627: =I627-I626 -> -0.48748807 | K627: 58.079746 | L627: 58.079746 | M627: =AVERAGE(G626:G628) -> 62.703333 | N627: =$AI$6+$AH$6*F627 -> 58.049676 | O627: 58.049676 | P627: 58.049676 | Q627: =AVERAGE(G625:G628) -> 62.79 | R627: =AVERAGE(Q627:Q628) -> 62.725 | S627: =$AL$6+$AK$6*F627 -> 58.014754 | T627: 58.014754 | U627: 58.014754 | V627: =AVERAGE(G623:G627) -> 63.302
A628: 46069 | B628: 62.53 | E628: 46069 | F628: 627 | G628: 62.53 | H628: =$AF$6+$AE$6*F628 -> 58.047234 | I628: =G628-H628 -> 4.4827656 | J628: =I628-I627 -> 0.032511933 | K628: 58.047234 | L628: 58.047234 | M628: =AVERAGE(G627:G629) -> 62.53 | N628: =$AI$6+$AH$6*F628 -> 58.017089 | O628: 58.017089 | P628: 58.017089 | Q628: =AVERAGE(G626:G629) -> 62.66 | S628: =$AL$6+$AK$6*F628 -> 57.982068 | T628: 57.982068 | U628: 57.982068 | V628: =AVERAGE(G624:G628) -> 62.848
A629: 46070 | B629: 62.53 | E629: 46070 | F629: 628 | G629: 62.53 | H629: =$AF$6+$AE$6*F629 -> 58.014722 | I629: =G629-H629 -> 4.5152775 | J629: =I629-I628 -> 0.032511933 | K629: 58.014722 | L629: 58.014722 | N629: =$AI$6+$AH$6*F629 -> 57.984501 | O629: 57.984501 | P629: 57.984501 | S629: =$AL$6+$AK$6*F629 -> 57.949383 | T629: 57.949383 | U629: 57.949383 | V629: =AVERAGE(G625:G629) -> 62.738
C641: 1 | D641: 2 | E641: 3 | F641: 4 | G641: 5 | H641: 6 | I641: 7 | J641: 8 | K641: 9 | L641: 10 | M641: 11 | N641: 12
C642: =CORREL($B$645:$B$742,C645:C742) -> 0.94644284 | D642: =CORREL($B$646:$B$742,D646:D742) -> 0.89952836 | E642: =CORREL($B$647:$B$742,E647:E742) -> 0.85415895 | F642: =CORREL($B$648:$B$742,F648:F742) -> 0.79670814 | G642: =CORREL($B$649:$B$742,G649:G742) -> 0.72301896 | H642: =CORREL($B$650:$B$742,H650:H742) -> 0.65453651 | I642: =CORREL($B$651:$B$742,I651:I742) -> 0.60818703 | J642: =CORREL($B$652:$B$742,J652:J742) -> 0.55506917 | K642: =CORREL($B$653:$B$742,K653:K742) -> 0.5305167 | L642: =CORREL($B$654:$B$742,L654:L742) -> 0.51209938 | M642: =CORREL($B$655:$B$742,M655:M742) -> 0.50510487 | N642: =CORREL($B$656:$B$742,N656:N742) -> 0.49248333 | T642: 0.94644284 | U642: 1 | V642: =100-2-U642 -> 97 | W642: =T642/SQRT(1-T642*T642)*SQRT(V642) -> 28.870258 | X642: =_xlfn.T.INV.2T(0.05,V642) -> 1.9847232 | Y642: =X642*X642 -> 3.9391261 | Z642: =SQRT(Y642/(V642+Y642)) -> 0.19754688
A643: Коррелограмма вручную | T643: 0.89952836 | U643: 2 | V643: =100-2-U643 -> 96 | W643: =T643/SQRT(1-T643*T643)*SQRT(V643) -> 20.174642 | X643: =_xlfn.T.INV.2T(0.05,V643) -> 1.9849843 | Y643: =X643*X643 -> 3.9401627 | Z643: =SQRT(Y643/(V643+Y643)) -> 0.19855785
B644: 77.97 | T644: 0.85415895 | U644: 3 | V644: =100-2-U644 -> 95 | W644: =T644/SQRT(1-T644*T644)*SQRT(V644) -> 16.009845 | X644: =_xlfn.T.INV.2T(0.05,V644) -> 1.985251 | Y644: =X644*X644 -> 3.9412215 | Z644: =SQRT(Y644/(V644+Y644)) -> 0.19958449
B645: 77.97 | C645: 77.97 | T645: 0.79670814 | U645: 4 | V645: =100-2-U645 -> 94 | W645: =T645/SQRT(1-T645*T645)*SQRT(V645) -> 12.780988 | X645: =_xlfn.T.INV.2T(0.05,V645) -> 1.9855234 | Y645: =X645*X645 -> 3.9423033 | Z645: =SQRT(Y645/(V645+Y645)) -> 0.20062722
B646: 75.26 | C646: 77.97 | D646: 77.97 | T646: 0.72301896 | U646: 5 | V646: =100-2-U646 -> 93 | W646: =T646/SQRT(1-T646*T646)*SQRT(V646) -> 10.09302 | X646: =_xlfn.T.INV.2T(0.05,V646) -> 1.9858018 | Y646: =X646*X646 -> 3.9434088 | Z646: =SQRT(Y646/(V646+Y646)) -> 0.20168647
B647: 75.26 | C647: 75.26 | D647: 77.97 | E647: 77.97 | T647: 0.65453651 | U647: 6 | V647: =100-2-U647 -> 92 | W647: =T647/SQRT(1-T647*T647)*SQRT(V647) -> 8.3040229 | X647: =_xlfn.T.INV.2T(0.05,V647) -> 1.9860863 | Y647: =X647*X647 -> 3.9445389 | Z647: =SQRT(Y647/(V647+Y647)) -> 0.20276266
B648: 74.27 | C648: 75.26 | D648: 75.26 | E648: 77.97 | F648: 77.97 | T648: 0.60818703 | U648: 7 | V648: =100-2-U648 -> 91 | W648: =T648/SQRT(1-T648*T648)*SQRT(V648) -> 7.3088688 | X648: =_xlfn.T.INV.2T(0.05,V648) -> 1.9863772 | Y648: =X648*X648 -> 3.9456942 | Z648: =SQRT(Y648/(V648+Y648)) -> 0.20385627
B649: 75.08 | C649: 74.27 | D649: 75.26 | E649: 75.26 | F649: 77.97 | G649: 77.97 | T649: 0.55506917 | U649: 8 | V649: =100-2-U649 -> 90 | W649: =T649/SQRT(1-T649*T649)*SQRT(V649) -> 6.3306347 | X649: =_xlfn.T.INV.2T(0.05,V649) -> 1.9866745 | Y649: =X649*X649 -> 3.9468757 | Z649: =SQRT(Y649/(V649+Y649)) -> 0.20496776
B650: 76.52 | C650: 75.08 | D650: 74.27 | E650: 75.26 | F650: 75.26 | G650: 77.97 | H650: 77.97 | T650: 0.5305167 | U650: 9 | V650: =100-2-U650 -> 89 | W650: =T650/SQRT(1-T650*T650)*SQRT(V650) -> 5.904253 | X650: =_xlfn.T.INV.2T(0.05,V650) -> 1.9869787 | Y650: =X650*X650 -> 3.9480844 | Z650: =SQRT(Y650/(V650+Y650)) -> 0.20609763
B651: 76.53 | C651: 76.52 | D651: 75.08 | E651: 74.27 | F651: 75.26 | G651: 75.26 | H651: 77.97 | I651: 77.97 | T651: 0.51209938 | U651: 10 | V651: =100-2-U651 -> 88 | W651: =T651/SQRT(1-T651*T651)*SQRT(V651) -> 5.5929345 | X651: =_xlfn.T.INV.2T(0.05,V651) -> 1.9872899 | Y651: =X651*X651 -> 3.949321 | Z651: =SQRT(Y651/(V651+Y651)) -> 0.20724638
B652: 76.53 | C652: 76.53 | D652: 76.52 | E652: 75.08 | F652: 74.27 | G652: 75.26 | H652: 75.26 | I652: 77.97 | J652: 77.97 | T652: 0.50510487 | U652: 11 | V652: =100-2-U652 -> 87 | W652: =T652/SQRT(1-T652*T652)*SQRT(V652) -> 5.4588506 | X652: =_xlfn.T.INV.2T(0.05,V652) -> 1.9876083 | Y652: =X652*X652 -> 3.9505867 | Z652: =SQRT(Y652/(V652+Y652)) -> 0.20841455
B653: 78.75 | C653: 76.53 | D653: 76.53 | E653: 76.52 | F653: 75.08 | G653: 74.27 | H653: 75.26 | I653: 75.26 | J653: 77.97 | K653: 77.97 | T653: 0.49248333 | U653: 12 | V653: =100-2-U653 -> 86 | W653: =T653/SQRT(1-T653*T653)*SQRT(V653) -> 5.2476016 | X653: =_xlfn.T.INV.2T(0.05,V653) -> 1.9879342 | Y653: =X653*X653 -> 3.9518824 | Z653: =SQRT(Y653/(V653+Y653)) -> 0.2096027
B654: 78.75 | C654: 78.75 | D654: 76.53 | E654: 76.53 | F654: 76.52 | G654: 75.08 | H654: 74.27 | I654: 75.26 | J654: 75.26 | K654: 77.97 | L654: 77.97
B655: 78.88 | C655: 78.75 | D655: 78.75 | E655: 76.53 | F655: 76.53 | G655: 76.52 | H655: 75.08 | I655: 74.27 | J655: 75.26 | K655: 75.26 | L655: 77.97 | M655: 77.97
B656: 79.56 | C656: 78.88 | D656: 78.75 | E656: 78.75 | F656: 76.53 | G656: 76.53 | H656: 76.52 | I656: 75.08 | J656: 74.27 | K656: 75.26 | L656: 75.26 | M656: 77.97 | N656: 77.97
B657: 79.61 | C657: 79.56 | D657: 78.88 | E657: 78.75 | F657: 78.75 | G657: 76.53 | H657: 76.53 | I657: 76.52 | J657: 75.08 | K657: 74.27 | L657: 75.26 | M657: 75.26 | N657: 77.97
B658: 79.41 | C658: 79.61 | D658: 79.56 | E658: 78.88 | F658: 78.75 | G658: 78.75 | H658: 76.53 | I658: 76.53 | J658: 76.52 | K658: 75.08 | L658: 74.27 | M658: 75.26 | N658: 75.26
B659: 79.41 | C659: 79.41 | D659: 79.61 | E659: 79.56 | F659: 78.88 | G659: 78.75 | H659: 78.75 | I659: 76.53 | J659: 76.53 | K659: 76.52 | L659: 75.08 | M659: 74.27 | N659: 75.26
B660: 81.33 | C660: 79.41 | D660: 79.41 | E660: 79.61 | F660: 79.56 | G660: 78.88 | H660: 78.75 | I660: 78.75 | J660: 76.53 | K660: 76.53 | L660: 76.52 | M660: 75.08 | N660: 74.27
B661: 81.33 | C661: 81.33 | D661: 79.41 | E661: 79.41 | F661: 79.61 | G661: 79.56 | H661: 78.88 | I661: 78.75 | J661: 78.75 | K661: 76.53 | L661: 76.53 | M661: 76.52 | N661: 75.08
B662: 82.67 | C662: 81.33 | D662: 81.33 | E662: 79.41 | F662: 79.41 | G662: 79.61 | H662: 79.56 | I662: 78.88 | J662: 78.75 | K662: 78.75 | L662: 76.53 | M662: 76.53 | N662: 76.52
B663: 82.67 | C663: 82.67 | D663: 81.33 | E663: 81.33 | F663: 79.41 | G663: 79.41 | H663: 79.61 | I663: 79.56 | J663: 78.88 | K663: 78.75 | L663: 78.75 | M663: 76.53 | N663: 76.53
B664: 83.34 | C664: 82.67 | D664: 82.67 | E664: 81.33 | F664: 81.33 | G664: 79.41 | H664: 79.41 | I664: 79.61 | J664: 79.56 | K664: 78.88 | L664: 78.75 | M664: 78.75 | N664: 76.53
B665: 81.71 | C665: 83.34 | D665: 82.67 | E665: 82.67 | F665: 81.33 | G665: 81.33 | H665: 79.41 | I665: 79.41 | J665: 79.61 | K665: 79.56 | L665: 78.88 | M665: 78.75 | N665: 78.75
B666: 81.71 | C666: 81.71 | D666: 83.34 | E666: 82.67 | F666: 82.67 | G666: 81.33 | H666: 81.33 | I666: 79.41 | J666: 79.41 | K666: 79.61 | L666: 79.56 | M666: 78.88 | N666: 78.75
B667: 82.63 | C667: 81.71 | D667: 81.71 | E667: 83.34 | F667: 82.67 | G667: 82.67 | H667: 81.33 | I667: 81.33 | J667: 79.41 | K667: 79.41 | L667: 79.61 | M667: 79.56 | N667: 78.88
... B742: 68.58 | C742: 70.09 | D742: 70.11 | E742: 71.28 | F742: 71.28 | G742: 71.28 | H742: 74.52 | I742: 74.52 | J742: 76.9 | K742: 75.49 | L742: 76.5 | M742: 78.4 | N742: 78.4
C743: 68.58 | D743: 70.09 | E743: 70.11 | F743: 71.28 | G743: 71.28 | H743: 71.28 | I743: 74.52 | J743: 74.52 | K743: 76.9 | L743: 75.49 | M743: 76.5 | N743: 78.4
D744: 68.58 | E744: 70.09 | F744: 70.11 | G744: 71.28 | H744: 71.28 | I744: 71.28 | J744: 74.52 | K744: 74.52 | L744: 76.9 | M744: 75.49 | N744: 76.5
E745: 68.58 | F745: 70.09 | G745: 70.11 | H745: 71.28 | I745: 71.28 | J745: 71.28 | K745: 74.52 | L745: 74.52 | M745: 76.9 | N745: 75.49
F746: 68.58 | G746: 70.09 | H746: 70.11 | I746: 71.28 | J746: 71.28 | K746: 71.28 | L746: 74.52 | M746: 74.52 | N746: 76.9
G747: 68.58 | H747: 70.09 | I747: 70.11 | J747: 71.28 | K747: 71.28 | L747: 71.28 | M747: 74.52 | N747: 74.52
H748: 68.58 | I748: 70.09 | J748: 70.11 | K748: 71.28 | L748: 71.28 | M748: 71.28 | N748: 74.52
I749: 68.58 | J749: 70.09 | K749: 70.11 | L749: 71.28 | M749: 71.28 | N749: 71.28
J750: 68.58 | K750: 70.09 | L750: 70.11 | M750: 71.28 | N750: 71.28
K751: 68.58 | L751: 70.09 | M751: 70.11 | N751: 71.28
L752: 68.58 | M752: 70.09 | N752: 70.11
M753: 68.58 | N753: 70.09
N754: 68.58

Sheet стационарность
A1: дата | B1: DCOILWTICO | C1: знаки | E1: первая разность | F1: вторая разность | J1: медиана | N1: дата | O1: DCOILWTICO
A2: 45443 | B2: 77.97 | C2: =IF(B2 > $J$2, "+", "-") -> + | D2: 1 | J2: =MEDIAN(B2:B629) -> 68.26 | N2: 45443 | O2: 77.97 | R2: 628/2=314
A3: 45444 | B3: 77.97 | C3: =IF(B3 > $J$2, "+", "-") -> + | E3: =B3-B2 -> 0 | I3: 22 поменялся | N3: 45444 | O3: 77.97 | R3: голубая | S3: неголуб
A4: 45445 | B4: 75.26 | C4: =IF(B4 > $J$2, "+", "-") -> + | E4: =B4-B3 -> -2.71 | F4: =E4-E3 -> -2.71 | I4: 198 минуусов в серии | N4: 45445 | O4: 75.26 | R4: =_xlfn.VAR.S(O2:O315) -> 26.151015 | S4: =_xlfn.VAR.S(O316:O629) -> 14.819726
A5: 45446 | B5: 75.26 | C5: =IF(B5 > $J$2, "+", "-") -> + | E5: =B5-B4 -> 0 | F5: =E5-E4 -> 2.71 | N5: 45446 | O5: 75.26
A6: 45447 | B6: 74.27 | C6: =IF(B6 > $J$2, "+", "-") -> + | E6: =B6-B5 -> -0.99 | F6: =E6-E5 -> -0.99 | I6: n = 628 | N6: 45447 | O6: 74.27 | R6: =MAX(R4,S4)/MIN(R4,S4) -> 1.7646085
A7: 45448 | B7: 75.08 | C7: =IF(B7 > $J$2, "+", "-") -> + | E7: =B7-B6 -> 0.81 | F7: =E7-E6 -> 1.8 | N7: 45448 | O7: 75.08
A8: 45449 | B8: 76.52 | C8: =IF(B8 > $J$2, "+", "-") -> + | E8: =B8-B7 -> 1.44 | F8: =E8-E7 -> 0.63 | I8: =3.3*LOG10(628)+1 -> 10.233267 | N8: 45449 | O8: 76.52 | R8: КРИТЕРИЙ БАРТЛЕТТА
A9: 45450 | B9: 76.53 | C9: =IF(B9 > $J$2, "+", "-") -> + | E9: =B9-B8 -> 0.01 | F9: =E9-E8 -> -1.43 | I9: =(628+1)/2 - 1.96*SQRT((628-1)/4) -> 289.96083 | N9: 45450 | O9: 76.53
A10: 45451 | B10: 76.53 | C10: =IF(B10 > $J$2, "+", "-") -> + | E10: =B10-B9 -> 0 | F10: =E10-E9 -> -0.01 | I10: n = 628 | N10: 45451 | O10: 76.53
A11: 45452 | B11: 78.75 | C11: =IF(B11 > $J$2, "+", "-") -> + | E11: =B11-B10 -> 2.22 | F11: =E11-E10 -> 2.22 | I11: Критическая длина серии: 10,23 | N11: 45452 | O11: 78.75 | R11: Дисперсия первой половины ряда (n=314): 26,15
A12: 45453 | B12: 78.75 | C12: =IF(B12 > $J$2, "+", "-") -> + | E12: =B12-B11 -> 0 | F12: =E12-E11 -> -2.22 | I12: Фактическая максимальная серия: 198 - НАРУШЕНИЕ | N12: 45453 | O12: 78.75 | R12: Дисперсия второй половины ряда (n=314): 14,82
A13: 45454 | B13: 78.88 | C13: =IF(B13 > $J$2, "+", "-") -> + | E13: =B13-B12 -> 0.13 | F13: =E13-E12 -> 0.13 | N13: 45454 | O13: 78.88
A14: 45455 | B14: 79.56 | C14: =IF(B14 > $J$2, "+", "-") -> + | E14: =B14-B13 -> 0.68 | F14: =E14-E13 -> 0.55 | I14: Критическое минимальное число серий: 289,96 | N14: 45455 | O14: 79.56 | R14: Отношение дисперсий = MAX / MIN = 26,15 / 14,82 = 1,76
A15: 45456 | B15: 79.61 | C15: =IF(B15 > $J$2, "+", "-") -> + | E15: =B15-B14 -> 0.05 | F15: =E15-E14 -> -0.63 | I15: Фактическое число серий: 22 - НАРУШЕНИЕ | N15: 45456 | O15: 79.61
A16: 45457 | B16: 79.41 | C16: =IF(B16 > $J$2, "+", "-") -> + | E16: =B16-B15 -> -0.2 | F16: =E16-E15 -> -0.25 | N16: 45457 | O16: 79.41 | R16: Так как отношение < 2, то дисперсии можно считать постоянными
A17: 45458 | B17: 79.41 | C17: =IF(B17 > $J$2, "+", "-") -> + | E17: =B17-B16 -> 0 | F17: =E17-E16 -> 0.2 | I17: ОБА УСЛОВИЯ НАРУШЕНЫ! | N17: 45458 | O17: 79.41 | R17: Ряд стационарен по дисперсии (гомоскедастичность)
A18: 45459 | B18: 81.33 | C18: =IF(B18 > $J$2, "+", "-") -> + | E18: =B18-B17 -> 1.92 | F18: =E18-E17 -> 1.92 | I18: РЯД НЕСТАЦИОНАРЕН (есть сильный тренд/цикл) | N18: 45459 | O18: 81.33
A19: 45460 | B19: 81.33 | C19: =IF(B19 > $J$2, "+", "-") -> + | E19: =B19-B18 -> 0 | F19: =E19-E18 -> -1.92 | I19: Гипотеза о случайности ОТВЕРГАЕТСЯ. | N19: 45460 | O19: 81.33 | R19: ВЫВОД:
A20: 45461 | B20: 82.67 | C20: =IF(B20 > $J$2, "+", "-") -> + | E20: =B20-B19 -> 1.34 | F20: =E20-E19 -> 1.34 | N20: 45461 | O20: 82.67 | R20: Несмотря на нестационарность по уровню (тренд),
A21: 45462 | B21: 82.67 | C21: =IF(B21 > $J$2, "+", "-") -> + | E21: =B21-B20 -> 0 | F21: =E21-E20 -> -1.34 | G21: S^2y | H21: =_xlfn.VAR.S(B2:B629) -> 47.872083 | N21: 45462 | O21: 82.67 | R21: дисперсия ряда остается относительно стабильной во времени.
A22: 45463 | B22: 83.34 | C22: =IF(B22 > $J$2, "+", "-") -> + | E22: =B22-B21 -> 0.67 | F22: =E22-E21 -> 0.67 | G22: S^2Δy | H22: =_xlfn.VAR.S(E3:E630) -> 1.3020636 | N22: 45463 | O22: 83.34
A23: 45464 | B23: 81.71 | C23: =IF(B23 > $J$2, "+", "-") -> + | E23: =B23-B22 -> -1.63 | F23: =E23-E22 -> -2.3 | N23: 45464 | O23: 81.71
A24: 45465 | B24: 81.71 | C24: =IF(B24 > $J$2, "+", "-") -> + | E24: =B24-B23 -> 0 | F24: =E24-E23 -> 1.63 | H24: аббе | N24: 45465 | O24: 81.71
A25: 45466 | B25: 82.63 | C25: =IF(B25 > $J$2, "+", "-") -> + | E25: =B25-B24 -> 0.92 | F25: =E25-E24 -> 0.92 | H25: =H22/(2*H21) -> 0.013599404 | N25: 45466 | O25: 82.63
A26: 45467 | B26: 82.63 | C26: =IF(B26 > $J$2, "+", "-") -> + | E26: =B26-B25 -> 0 | F26: =E26-E25 -> -0.92 | H26: ВЫВОД ПО КРИТЕРИЮ АББЕ: | N26: 45467 | O26: 82.63
A27: 45468 | B27: 81.97 | C27: =IF(B27 > $J$2, "+", "-") -> + | E27: =B27-B26 -> -0.66 | F27: =E27-E26 -> -0.66 | N27: 45468 | O27: 81.97
A28: 45469 | B28: 82.19 | C28: =IF(B28 > $J$2, "+", "-") -> + | E28: =B28-B27 -> 0.22 | F28: =E28-E27 -> 0.88 | N28: 45469 | O28: 82.19
A29: 45470 | B29: 83.04 | C29: =IF(B29 > $J$2, "+", "-") -> + | E29: =B29-B28 -> 0.85 | F29: =E29-E28 -> 0.63 | H29: Дисперсия исходного ряда (S^2y) = 47,87 | N29: 45470 | O29: 83.04
A30: 45471 | B30: 82.83 | C30: =IF(B30 > $J$2, "+", "-") -> + | E30: =B30-B29 -> -0.21 | F30: =E30-E29 -> -1.06 | H30: Дисперсия первых разностей (S^2Δy) = 7,52 | N30: 45471 | O30: 82.83
A31: 45472 | B31: 82.83 | C31: =IF(B31 > $J$2, "+", "-") -> + | E31: =B31-B30 -> 0 | F31: =E31-E30 -> 0.21 | N31: 45472 | O31: 82.83
A32: 45473 | B32: 84.7 | C32: =IF(B32 > $J$2, "+", "-") -> + | E32: =B32-B31 -> 1.87 | F32: =E32-E31 -> 1.87 | H32: Статистика Аббе Q = S^2Δy / (2 * S^2y) = 7,52 / (2 * 47,87) = 0,0786 | N32: 45473 | O32: 84.7
A33: 45474 | B33: 84.7 | C33: =IF(B33 > $J$2, "+", "-") -> + | E33: =B33-B32 -> 0 | F33: =E33-E32 -> -1.87 | N33: 45474 | O33: 84.7
A34: 45475 | B34: 84.09 | C34: =IF(B34 > $J$2, "+", "-") -> + | E34: =B34-B33 -> -0.61 | F34: =E34-E33 -> -0.61 | H34: Критическое значение для n=628: ~1,55 | N34: 45475 | O34: 84.09
A35: 45476 | B35: 85.19 | C35: =IF(B35 > $J$2, "+", "-") -> + | E35: =B35-B34 -> 1.1 | F35: =E35-E34 -> 1.71 | N35: 45476 | O35: 85.19
A36: 45477 | B36: 85.19 | C36: =IF(B36 > $J$2, "+", "-") -> + | E36: =B36-B35 -> 0 | F36: =E36-E35 -> -1.1 | H36: 0,0786 << 1,55 → СИЛЬНОЕ НАРУШЕНИЕ | N36: 45477 | O36: 85.19
A37: 45478 | B37: 84.44 | C37: =IF(B37 > $J$2, "+", "-") -> + | E37: =B37-B36 -> -0.75 | F37: =E37-E36 -> -0.75 | N37: 45478 | O37: 84.44
A38: 45479 | B38: 84.44 | C38: =IF(B38 > $J$2, "+", "-") -> + | E38: =B38-B37 -> 0 | F38: =E38-E37 -> 0.75 | H38: ВЫВОД: Ряд содержит сильный тренд или зависимую составляющую. | N38: 45479 | O38: 84.44
A39: 45480 | B39: 83.63 | C39: =IF(B39 > $J$2, "+", "-") -> + | E39: =B39-B38 -> -0.81 | F39: =E39-E38 -> -0.81 | H39: Ряд НЕСТАЦИОНАРЕН по уровню. | N39: 45480 | O39: 83.63
A40: 45481 | B40: 83.63 | C40: =IF(B40 > $J$2, "+", "-") -> + | E40: =B40-B39 -> 0 | F40: =E40-E39 -> 0.81 | N40: 45481 | O40: 83.63
A41: 45482 | B41: 82.78 | C41: =IF(B41 > $J$2, "+", "-") -> + | E41: =B41-B40 -> -0.85 | F41: =E41-E40 -> -0.85 | N41: 45482 | O41: 82.78
A42: 45483 | B42: 83.39 | C42: =IF(B42 > $J$2, "+", "-") -> + | E42: =B42-B41 -> 0.61 | F42: =E42-E41 -> 1.46 | H42: дисп | N42: 45483 | O42: 83.39
A43: 45484 | B43: 83.92 | C43: =IF(B43 > $J$2, "+", "-") -> + | E43: =B43-B42 -> 0.53 | F43: =E43-E42 -> -0.08 | H43: =_xlfn.VAR.S(E3:E629) -> 1.3020636 | N43: 45484 | O43: 83.92
A44: 45485 | B44: 83.49 | C44: =IF(B44 > $J$2, "+", "-") -> + | E44: =B44-B43 -> -0.43 | F44: =E44-E43 -> -0.96 | N44: 45485 | O44: 83.49
A45: 45486 | B45: 83.49 | C45: =IF(B45 > $J$2, "+", "-") -> + | E45: =B45-B44 -> 0 | F45: =E45-E44 -> 0.43 | H45: =_xlfn.VAR.S(F4:F629) -> 2.6998115 | N45: 45486 | O45: 83.49
A46: 45487 | B46: 83.22 | C46: =IF(B46 > $J$2, "+", "-") -> + | E46: =B46-B45 -> -0.27 | F46: =E46-E45 -> -0.27 | N46: 45487 | O46: 83.22
A47: 45488 | B47: 83.22 | C47: =IF(B47 > $J$2, "+", "-") -> + | E47: =B47-B46 -> 0 | F47: =E47-E46 -> 0.27 | N47: 45488 | O47: 83.22
A48: 45489 | B48: 81.92 | C48: =IF(B48 > $J$2, "+", "-") -> + | E48: =B48-B47 -> -1.3 | F48: =E48-E47 -> -1.3 | H48: =H45/(2*H43) -> 1.0367434 | I48: статистика аббе | N48: 45489 | O48: 81.92
A49: 45490 | B49: 84.16 | C49: =IF(B49 > $J$2, "+", "-") -> + | E49: =B49-B48 -> 2.24 | F49: =E49-E48 -> 3.54 | N49: 45490 | O49: 84.16
A50: 45491 | B50: 84.17 | C50: =IF(B50 > $J$2, "+", "-") -> + | E50: =B50-B49 -> 0.01 | F50: =E50-E49 -> -2.23 | N50: 45491 | O50: 84.17
A51: 45492 | B51: 81.43 | C51: =IF(B51 > $J$2, "+", "-") -> + | E51: =B51-B50 -> -2.74 | F51: =E51-E50 -> -2.75 | N51: 45492 | O51: 81.43
A52: 45493 | B52: 81.43 | C52: =IF(B52 > $J$2, "+", "-") -> + | E52: =B52-B51 -> 0 | F52: =E52-E51 -> 2.74 | N52: 45493 | O52: 81.43
A53: 45494 | B53: 81.25 | C53: =IF(B53 > $J$2, "+", "-") -> + | E53: =B53-B52 -> -0.18 | F53: =E53-E52 -> -0.18 | N53: 45494 | O53: 81.25
A54: 45495 | B54: 81.25 | C54: =IF(B54 > $J$2, "+", "-") -> + | E54: =B54-B53 -> 0 | F54: =E54-E53 -> 0.18 | N54: 45495 | O54: 81.25
A55: 45496 | B55: 78.24 | C55: =IF(B55 > $J$2, "+", "-") -> + | E55: =B55-B54 -> -3.01 | F55: =E55-E54 -> -3.01 | N55: 45496 | O55: 78.24
A56: 45497 | B56: 78.78 | C56: =IF(B56 > $J$2, "+", "-") -> + | E56: =B56-B55 -> 0.54 | F56: =E56-E55 -> 3.55 | N56: 45497 | O56: 78.78
A57: 45498 | B57: 79.43 | C57: =IF(B57 > $J$2, "+", "-") -> + | E57: =B57-B56 -> 0.65 | F57: =E57-E56 -> 0.11 | N57: 45498 | O57: 79.43
A58: 45499 | B58: 78.58 | C58: =IF(B58 > $J$2, "+", "-") -> + | E58: =B58-B57 -> -0.85 | F58: =E58-E57 -> -1.5 | N58: 45499 | O58: 78.58
A59: 45500 | B59: 78.58 | C59: =IF(B59 > $J$2, "+", "-") -> + | E59: =B59-B58 -> 0 | F59: =E59-E58 -> 0.85 | N59: 45500 | O59: 78.58
A60: 45501 | B60: 77.27 | C60: =IF(B60 > $J$2, "+", "-") -> + | E60: =B60-B59 -> -1.31 | F60: =E60-E59 -> -1.31 | N60: 45501 | O60: 77.27
... A102: 45543 | B102: 69.65 | C102: =IF(B102 > $J$2, "+", "-") -> + | E102: =B102-B101 -> 1.07 | F102: =E102-E101 -> 1.07 | N102: 45543 | O102: 69.65
A103: 45544 | B103: 69.65 | C103: =IF(B103 > $J$2, "+", "-") -> + | D103: 2 | E103: =B103-B102 -> 0 | F103: =E103-E102 -> -1.07 | N103: 45544 | O103: 69.65
A104: 45545 | B104: 66.73 | C104: =IF(B104 > $J$2, "+", "-") -> - | D104: 3 | E104: =B104-B103 -> -2.92 | F104: =E104-E103 -> -2.92 | N104: 45545 | O104: 66.73
A105: 45546 | B105: 68.25 | C105: =IF(B105 > $J$2, "+", "-") -> - | E105: =B105-B104 -> 1.52 | F105: =E105-E104 -> 4.44 | N105: 45546 | O105: 68.25
A106: 45547 | B106: 69.89 | C106: =IF(B106 > $J$2, "+", "-") -> + | D106: 4 | E106: =B106-B105 -> 1.64 | F106: =E106-E105 -> 0.12 | N106: 45547 | O106: 69.89
A107: 45548 | B107: 69.59 | C107: =IF(B107 > $J$2, "+", "-") -> + | D107: 101 + | E107: =B107-B106 -> -0.3 | F107: =E107-E106 -> -1.94 | N107: 45548 | O107: 69.59
A108: 45549 | B108: 69.59 | C108: =IF(B108 > $J$2, "+", "-") -> + | E108: =B108-B107 -> 0 | F108: =E108-E107 -> 0.3 | N108: 45549 | O108: 69.59
A109: 45550 | B109: 71.1 | C109: =IF(B109 > $J$2, "+", "-") -> + | E109: =B109-B108 -> 1.51 | F109: =E109-E108 -> 1.51 | N109: 45550 | O109: 71.1
A110: 45551 | B110: 71.1 | C110: =IF(B110 > $J$2, "+", "-") -> + | E110: =B110-B109 -> 0 | F110: =E110-E109 -> -1.51 | N110: 45551 | O110: 71.1
A111: 45552 | B111: 72.16 | C111: =IF(B111 > $J$2, "+", "-") -> + | E111: =B111-B110 -> 1.06 | F111: =E111-E110 -> 1.06 | N111: 45552 | O111: 72.16
A112: 45553 | B112: 71.87 | C112: =IF(B112 > $J$2, "+", "-") -> + | E112: =B112-B111 -> -0.29 | F112: =E112-E111 -> -1.35 | N112: 45553 | O112: 71.87
A113: 45554 | B113: 72.86 | C113: =IF(B113 > $J$2, "+", "-") -> + | E113: =B113-B112 -> 0.99 | F113: =E113-E112 -> 1.28 | N113: 45554 | O113: 72.86
A114: 45555 | B114: 72.72 | C114: =IF(B114 > $J$2, "+", "-") -> + | E114: =B114-B113 -> -0.14 | F114: =E114-E113 -> -1.13 | N114: 45555 | O114: 72.72
A115: 45556 | B115: 72.72 | C115: =IF(B115 > $J$2, "+", "-") -> + | E115: =B115-B114 -> 0 | F115: =E115-E114 -> 0.14 | N115: 45556 | O115: 72.72
A116: 45557 | B116: 71.33 | C116: =IF(B116 > $J$2, "+", "-") -> + | E116: =B116-B115 -> -1.39 | F116: =E116-E115 -> -1.39 | N116: 45557 | O116: 71.33
A117: 45558 | B117: 71.33 | C117: =IF(B117 > $J$2, "+", "-") -> + | E117: =B117-B116 -> 0 | F117: =E117-E116 -> 1.39 | N117: 45558 | O117: 71.33
A118: 45559 | B118: 72.34 | C118: =IF(B118 > $J$2, "+", "-") -> + | E118: =B118-B117 -> 1.01 | F118: =E118-E117 -> 1.01 | N118: 45559 | O118: 72.34
A119: 45560 | B119: 70.42 | C119: =IF(B119 > $J$2, "+", "-") -> + | E119: =B119-B118 -> -1.92 | F119: =E119-E118 -> -2.93 | N119: 45560 | O119: 70.42
... A149: 45590 | B149: 72.02 | C149: =IF(B149 > $J$2, "+", "-") -> + | E149: =B149-B148 -> 1.44 | F149: =E149-E148 -> 2.23 | N149: 45590 | O149: 72.02
A150: 45591 | B150: 72.02 | C150: =IF(B150 > $J$2, "+", "-") -> + | D150: 5 | E150: =B150-B149 -> 0 | F150: =E150-E149 -> -1.44 | N150: 45591 | O150: 72.02
A151: 45592 | B151: 67.65 | C151: =IF(B151 > $J$2, "+", "-") -> - | D151: 6 | E151: =B151-B150 -> -4.37 | F151: =E151-E150 -> -4.37 | N151: 45592 | O151: 67.65
A152: 45593 | B152: 67.65 | C152: =IF(B152 > $J$2, "+", "-") -> - | E152: =B152-B151 -> 0 | F152: =E152-E151 -> 4.37 | N152: 45593 | O152: 67.65
A153: 45594 | B153: 67.48 | C153: =IF(B153 > $J$2, "+", "-") -> - | E153: =B153-B152 -> -0.17 | F153: =E153-E152 -> -0.17 | N153: 45594 | O153: 67.48
A154: 45595 | B154: 68.91 | C154: =IF(B154 > $J$2, "+", "-") -> + | D154: 7 | E154: =B154-B153 -> 1.43 | F154: =E154-E153 -> 1.6 | N154: 45595 | O154: 68.91
A155: 45596 | B155: 69.58 | C155: =IF(B155 > $J$2, "+", "-") -> + | E155: =B155-B154 -> 0.67 | F155: =E155-E154 -> -0.76 | N155: 45596 | O155: 69.58
A156: 45597 | B156: 69.81 | C156: =IF(B156 > $J$2, "+", "-") -> + | E156: =B156-B155 -> 0.23 | F156: =E156-E155 -> -0.44 | N156: 45597 | O156: 69.81
A157: 45598 | B157: 69.81 | C157: =IF(B157 > $J$2, "+", "-") -> + | E157: =B157-B156 -> 0 | F157: =E157-E156 -> -0.23 | N157: 45598 | O157: 69.81
A158: 45599 | B158: 71.83 | C158: =IF(B158 > $J$2, "+", "-") -> + | E158: =B158-B157 -> 2.02 | F158: =E158-E157 -> 2.02 | N158: 45599 | O158: 71.83
A159: 45600 | B159: 71.83 | C159: =IF(B159 > $J$2, "+", "-") -> + | E159: =B159-B158 -> 0 | F159: =E159-E158 -> -2.02 | N159: 45600 | O159: 71.83
A160: 45601 | B160: 72.26 | C160: =IF(B160 > $J$2, "+", "-") -> + | E160: =B160-B159 -> 0.43 | F160: =E160-E159 -> 0.43 | N160: 45601 | O160: 72.26
A161: 45602 | B161: 71.98 | C161: =IF(B161 > $J$2, "+", "-") -> + | E161: =B161-B160 -> -0.28 | F161: =E161-E160 -> -0.71 | N161: 45602 | O161: 71.98
A162: 45603 | B162: 72.69 | C162: =IF(B162 > $J$2, "+", "-") -> + | E162: =B162-B161 -> 0.71 | F162: =E162-E161 -> 0.99 | N162: 45603 | O162: 72.69
A163: 45604 | B163: 70.69 | C163: =IF(B163 > $J$2, "+", "-") -> + | E163: =B163-B162 -> -2 | F163: =E163-E162 -> -2.71 | N163: 45604 | O163: 70.69
A164: 45605 | B164: 70.69 | C164: =IF(B164 > $J$2, "+", "-") -> + | E164: =B164-B163 -> 0 | F164: =E164-E163 -> 2 | N164: 45605 | O164: 70.69
A165: 45606 | B165: 68.43 | C165: =IF(B165 > $J$2, "+", "-") -> + | E165: =B165-B164 -> -2.26 | F165: =E165-E164 -> -2.26 | N165: 45606 | O165: 68.43
A166: 45607 | B166: 68.43 | C166: =IF(B166 > $J$2, "+", "-") -> + | E166: =B166-B165 -> 0 | F166: =E166-E165 -> 2.26 | N166: 45607 | O166: 68.43
... A168: 45609 | B168: 68.76 | C168: =IF(B168 > $J$2, "+", "-") -> + | E168: =B168-B167 -> 0.33 | F168: =E168-E167 -> 0.33 | N168: 45609 | O168: 68.76
A169: 45610 | B169: 68.99 | C169: =IF(B169 > $J$2, "+", "-") -> + | D169: 8 | E169: =B169-B168 -> 0.23 | F169: =E169-E168 -> -0.1 | N169: 45610 | O169: 68.99
A170: 45611 | B170: 67.33 | C170: =IF(B170 > $J$2, "+", "-") -> - | D170: 9 | E170: =B170-B169 -> -1.66 | F170: =E170-E169 -> -1.89 | N170: 45611 | O170: 67.33
A171: 45612 | B171: 67.33 | C171: =IF(B171 > $J$2, "+", "-") -> - | E171: =B171-B170 -> 0 | F171: =E171-E170 -> 1.66 | N171: 45612 | O171: 67.33
...

Sheet модель
AE2: прогноз
A27: АDF ТЕСТ:
A28: p-value = 3.267e-52 << 0.05
A29: Первые разности СТАЦИОНАРНЫ
A31: После дифференцирования ряд стал близок к белому шуму.
A32: Рекомендуется модель ARIMA(p,1,q) где d=1.

Sheet прогноз
A1: DCOILWTICO | B1: первая разность | C1: вторая разность | G1: =SQRT(F16) -> 1.3115258 | H1: доверительные интервалы рассчитываю
A2: 77.97 | G2: 1.96 | H2: t- критерий
A3: 77.97 | B3: =A3-A2 -> 0 | E3: последний y | F3: 62.53 | G3: =F22-1.96*G1 -> 59.774442
A4: 75.26 | B4: =A4-A3 -> -2.71 | C4: =B4-B3 -> -2.71 | E4: последняя первая разность | F4: 0 | G4: =F22+1.96*G1 -> 64.915623
A5: 75.26 | B5: =A5-A4 -> 0 | C5: =B5-B4 -> 2.71 | E5: последняя вторая разность | F5: 0 | G5: =F25-1.96*G7 -> -3.6890841
A6: 74.27 | B6: =A6-A5 -> -0.99 | C6: =B6-B5 -> -0.99 | E6: предпоследняя вторая разность | F6: 0.52 | G6: =F25+1.96*G7 -> 3.5816441
A7: 75.08 | B7: =A7-A6 -> 0.81 | C7: =B7-B6 -> 1.8 | E7: последний квадрат остатка | F7: 0.03104 | G7: =G1*SQRT(2) -> 1.8547776
A8: 76.52 | B8: =A8-A7 -> 1.44 | C8: =B8-B7 -> 0.63 | E8: предпоследний квадрат остатка | F8: 0.02649
A9: 76.53 | B9: =A9-A8 -> 0.01 | C9: =B9-B8 -> -1.43
A10: 76.53 | B10: =A10-A9 -> 0 | C10: =B10-B9 -> -0.01 | E10: параметры модели
A11: 78.75 | B11: =A11-A10 -> 2.22 | C11: =B11-B10 -> 2.22 | E11: с | F11: 0.00133406
A12: 78.75 | B12: =A12-A11 -> 0 | C12: =B12-B11 -> -2.22 | E12: ф1 | F12: -0.702358
A13: 78.88 | B13: =A13-A12 -> 0.13 | C13: =B13-B12 -> 0.13 | E13: ф2 | F13: -0.358272
A14: 79.56 | B14: =A14-A13 -> 0.68 | C14: =B14-B13 -> 0.55
A15: 79.61 | B15: =A15-A14 -> 0.05 | C15: =B15-B14 -> -0.63 | E15: арч2
A16: 79.41 | B16: =A16-A15 -> -0.2 | C16: =B16-B15 -> -0.25 | E16: а0 | F16: 1.7201
A17: 79.41 | B17: =A17-A16 -> 0 | C17: =B17-B16 -> 0.2 | E17: а1 | F17: 0.056651
A18: 81.33 | B18: =A18-A17 -> 1.92 | C18: =B18-B17 -> 1.92 | E18: а2 | F18: 0.164754
A19: 81.33 | B19: =A19-A18 -> 0 | C19: =B19-B18 -> -1.92 | E19: прогноз 1
A20: 82.67 | B20: =A20-A19 -> 1.34 | C20: =B20-B19 -> 1.34 | F20: =F11+F12*F5+F13*F6 -> -0.18496738
A21: 82.67 | B21: =A21-A20 -> 0 | C21: =B21-B20 -> -1.34 | F21: =F4+F20 -> -0.18496738
A22: 83.34 | B22: =A22-A21 -> 0.67 | C22: =B22-B21 -> 0.67 | F22: =F3+F21 -> 62.345033
A23: 81.71 | B23: =A23-A22 -> -1.63 | C23: =B23-B22 -> -2.3 | E23: прогноз 2
A24: 81.71 | B24: =A24-A23 -> 0 | C24: =B24-B23 -> 1.63 | F24: =F11+F12*F20+F13*F5 -> 0.13124738
A25: 82.63 | B25: =A25-A24 -> 0.92 | C25: =B25-B24 -> 0.92 | F25: =F21+F24 -> -0.053720001
A26: 82.63 | B26: =A26-A25 -> 0 | C26: =B26-B25 -> -0.92 | F26: =F22+F25 -> 62.291313
A27: 81.97 | B27: =A27-A26 -> -0.66 | C27: =B27-B26 -> -0.66
A28: 82.19 | B28: =A28-A27 -> 0.22 | C28: =B28-B27 -> 0.88 | E28: Интерпретация:
A29: 83.04 | B29: =A29-A28 -> 0.85 | C29: =B29-B28 -> 0.63 | E29: - Ожидается незначительное снижение на 0,05$ (0,08%)
A30: 82.83 | B30: =A30-A29 -> -0.21 | C30: =B30-B29 -> -1.06 | E30: - Стабилизация цены около 62,30-62,35$
A31: 82.83 | B31: =A31-A30 -> 0 | C31: =B31-B30 -> 0.21 | E31: - Узкие доверительные интервалы
A32: 84.7 | B32: =A32-A31 -> 1.87 | C32: =B32-B31 -> 1.87
A33: 84.7 | B33: =A33-A32 -> 0 | C33: =B33-B32 -> -1.87 | E33: 7. ЭКОНОМИЧЕСКИЙ СМЫСЛ:
A34: 84.09 | B34: =A34-A33 -> -0.61 | C34: =B34-B33 -> -0.61 | E34: - Наличие ARCH(2) указывает на кластеризацию
A35: 85.19 | B35: =A35-A34 -> 1.1 | C35: =B35-B34 -> 1.71 | E35: волатильности (периоды высокой волатильности
A36: 85.19 | B36: =A36-A35 -> 0 | C36: =B36-B35 -> -1.1 | E36: сменяются периодами низкой)
A37: 84.44 | B37: =A37-A36 -> -0.75 | C37: =B37-B36 -> -0.75 | E37: - Отрицательные коэффициенты AR говорят о
A38: 84.44 | B38: =A38-A37 -> 0 | C38: =B38-B37 -> 0.75 | E38: возврате к среднему после шоков
A39: 83.63 | B39: =A39-A38 -> -0.81 | C39: =B39-B38 -> -0.81 | E39: - Вторая разность необходима из-за высокой
A40: 83.63 | B40: =A40-A39 -> 0 | C40: =B40-B39 -> 0.81 | E40: волатильности дневных данных
A41: 82.78 | B41: =A41-A40 -> -0.85 | C41: =B41-B40 -> -0.85
A42: 83.39 | B42: =A42-A41 -> 0.61 | C42: =B42-B41 -> 1.46
A43: 83.92 | B43: =A43-A42 -> 0.53 | C43: =B43-B42 -> -0.08
A44: 83.49 | B44: =A44-A43 -> -0.43 | C44: =B44-B43 -> -0.96
A45: 83.49 | B45: =A45-A44 -> 0 | C45: =B45-B44 -> 0.43
A46: 83.22 | B46: =A46-A45 -> -0.27 | C46: =B46-B45 -> -0.27
A47: 83.22 | B47: =A47-A46 -> 0 | C47: =B47-B46 -> 0.27
A48: 81.92 | B48: =A48-A47 -> -1.3 | C48: =B48-B47 -> -1.3
A49: 84.16 | B49: =A49-A48 -> 2.24 | C49: =B49-B48 -> 3.54
A50: 84.17 | B50: =A50-A49 -> 0.01 | C50: =B50-B49 -> -2.23
A51: 81.43 | B51: =A51-A50 -> -2.74 | C51: =B51-B50 -> -2.75
A52: 81.43 | B52: =A52-A51 -> 0 | C52: =B52-B51 -> 2.74
... A629: 62.53 | B629: =A629-A628 -> 0 | C629: =B629-B628 -> 0
